notice_id,created,modified,importedcombo,type,ms_notice_id,c_name,c_address1,c_address2,c_city,c_state,c_zip,notice_d,notice_m,notice_y,impact_d,impact_m,impact_y,employees,l_city,l_state,cp_fname,cp_mname,cp_lname,cp_phone,realignment,layoff,masslayoff,closure,permreduction,applied,region,union_contact_nm,union_contact_ph,col_bar_ut
688,"2017-03-10 16:48:35","2017-03-10 16:48:35",,master,,Macy's,"11 Penn Plaza",,"New York",NY,10001,6,3,2017,20,3,2017,119,Alexandria,VA,Chanell,,Bracey-Davis,6467874816,N,N,Y,Y,N,N,3,,,
687,"2017-03-03 20:52:42","2017-03-03 20:52:42",,master,,"Wilson Trucking Corporation, Inc. ","P.O. Box 200",,Fishersville,VA,22939,28,2,2017,1,3,2017,316,Fishersville,VA,Fred,A.,Lackey,5409493220,N,N,Y,Y,N,N,3,,,
686,"2017-02-16 18:49:13","2017-02-16 18:49:13",,master,,"FreightCar America, Inc. ","2 N. Riverside Plaza","Suite 1300",Chicago,IL,60606,15,2,2017,17,4,2017,168,Roanoke,VA,Paul,,Winsauer,3129280887,N,N,Y,N,N,N,4,,,"The Brotherhood of Railway Carmen Local 6016"
684,"2017-02-13 21:39:01","2017-02-13 21:39:01",,master,,"Charter Communications ","12405 Powerscourt Drive",,"St. Louis",MN,63131,8,2,2017,30,3,2017,59,Herndon,VA,Desiree,,Peri,3145435649,N,Y,N,N,N,N,3,,,
683,"2017-02-09 18:24:27","2017-02-09 18:24:27",,master,,"Aetna Insulated Wire ","1537 Air Rail Avenue ",,"Virginia Beach",VA,23455,30,1,2017,31,3,2017,52,"Virginia Beach",VA,John,,DeGenova,7576052161,N,N,N,Y,N,N,2,,,
685,"2017-02-13 21:44:19","2017-02-13 21:44:19",,master,,"ABM Healthcare Support Services","22622 Harper Avenue ",,"St. Clair Shores ",MI,48080,27,1,2017,31,3,2017,130,"Falls Church ",VA,Darwin,,Crawford,2483921926,N,N,Y,Y,N,N,3,,,
681,"2017-01-25 21:23:02","2017-01-25 21:23:02",,master,,CACI,"1100 North Glebe Road",,Arlington,VA,22201,3,1,2017,27,3,2017,65,Springfield,VA,Susie,,Collier,7036793368,N,N,Y,N,N,N,3,,,
682,"2017-01-25 21:26:51","2017-01-25 21:26:51",,master,,"Delivery Agent Holdings Corporation","5391 Three Notch'd Road",,Crozet,VA,22932,22,12,2016,22,2,2017,134,Crozrt,VA,Sarah,,Shiflet,4342881518,N,N,Y,Y,N,N,3,,,
675,"2016-12-15 20:13:28","2016-12-15 20:13:28",,master,,"Schenker, Inc","1305 Executive Blvd","Suite 200",Chesapeake,VA,23320,14,12,2016,13,2,2017,16,Chesapeake,VA,Heather,,Girouard,7578213605,N,N,Y,N,N,N,2,,,
676,"2016-12-19 22:04:02","2016-12-19 22:04:02",,master,,"Retail Relay (Realy Foods)","282 Century Place","Suite 500",Louisville,VA,80020,14,12,2016,15,1,2017,48,Charlottesville,VA,Tarryn,,Ford,3036205466,N,N,Y,N,N,N,3,,,
680,"2017-01-06 20:20:28","2017-01-06 20:20:28",,master,,"Volvo Group Trucks Operations","New River Valley Plant","4881 Cougar Trail Road",Dublin,VA,24084,14,12,2016,13,2,2016,519,Dublin,VA,Jerry,,Shiffner,5406742232,N,N,Y,Y,N,N,4,,,
677,"2017-01-06 15:52:22","2017-01-06 15:52:22",,master,,"The Kane Company ","6500 Kane Way",,Elkridge,MD,21075,13,12,2016,9,12,2016,122,"Alexandria & Quantico",VA,Carol,H.,Jacober,4107993200,N,N,Y,Y,N,N,3,,,
678,"2017-01-06 16:03:30","2017-01-06 16:03:30",,master,,"The Kane Company","6500 Kane Way",,Elkridge,MD,21075,13,12,2016,9,12,2016,105,Hanover,VA,Carol,H.,Jacober,4107993200,N,N,Y,Y,N,N,1,,,
671,"2016-12-08 21:59:17","2016-12-08 21:59:17",,master,,Martin's,"1149 Harrisburg Pike","P.O. Box 249",Carlisle,PA,17013,8,12,2016,6,2,2017,155,Richmond,VA,Jim,,Saccary,7172407597,N,N,N,Y,N,N,1,,,
672,"2016-12-08 22:01:36","2016-12-08 22:01:36",,master,,"Martin's ","1149 Harrisburg Pike","P.o. Box 249",Carlisle,VA,17013,8,12,2016,6,2,2017,161,"Glen Allen",VA,Jim,,Saccary,7172407597,N,N,N,Y,N,N,1,,,
673,"2016-12-08 22:03:41","2016-12-08 22:03:41",,master,,"Martin's ","1149 Harrisburg Pike","P.O. Box 249","Carlisle ",PA,17013,8,12,2016,6,2,2017,183,"Colonial Heights",VA,Jim,,Saccary`,7172407597,N,N,N,Y,N,N,1,,,
674,"2016-12-08 22:05:44","2016-12-08 22:05:44",,master,,"Martin's ","1149 Harrisburg Pike ","P.O. Box 249",Carlisle,VA,17013,8,12,2016,6,2,2017,173,Midlothian,VA,Jim,,Saccary,7172407597,N,N,N,Y,N,N,1,,,
670,"2016-12-08 21:48:13","2016-12-08 21:48:13",,master,,"The Home Depot","2455 Paces Ferry Road",,Atlanta,VA,30339,1,12,2016,7,3,2016,66,"Charles City",VA,Lisa,,Blount,7704338211,N,N,N,Y,N,N,1,,,
679,"2017-01-06 16:07:47","2017-01-06 16:07:47",,master,,"Quad/Graphics Inc. ","N6W23044 Harry's Way",,Sussex,WI,53089,1,12,2016,15,1,2017,81,Manassas,VA,Dana,,Worland,4142082561,N,N,N,Y,N,N,3,,,
669,"2016-11-17 21:27:27","2016-11-17 21:27:27",,master,,"Airport Terminal Services","111 Westport Plaza Drive","Suite 400","St. Louis ",MO,63146,11,11,2016,2,1,2017,85,Arlington,VA,Angela,,Powers,3147391900,N,N,Y,N,N,N,3,,,
666,"2016-11-07 21:32:34","2016-11-07 21:32:34",,master,,"Experience Works, Inc. ","4401 Wilson Blvd.","Suite 1100",Arlington,VA,22203,7,11,2016,1,12,2016,35,Arlington,VA,Cristal,,Kurtz,7035227272,N,N,Y,N,N,N,3,,,
667,"2016-11-10 00:45:36","2016-11-10 00:45:36",,master,,"Riverside Pace","701 Gordon Avenue",,Richmond,VA,23224,7,11,2016,3,2,2017,37,Richmond,VA,Sally,,Hartman,7575347034,N,N,N,Y,N,N,1,,,
668,"2016-11-10 01:12:17","2016-11-10 01:12:17",,master,,"Riverside Pace","4107 West Mercury Boulevard",,Hampton,VA,23666,7,11,2016,3,2,2017,96,Hampton,VA,Sally,,Hartman,7575347034,N,N,N,Y,N,N,2,,,
665,"2016-11-03 19:14:12","2016-11-03 19:14:12",,master,,Chubb,"436 Walnut Street",,Philadelphia,PA,19106,28,10,2016,31,12,2016,71,Salem,VA,Denise,,Carson,2156401181,N,N,Y,Y,N,N,4,,,
664,"2016-10-27 14:19:04","2016-10-27 14:19:04",,master,,NJVC,"1677 Mansion Way",,O'Fallon,IL,62269,18,10,2016,31,12,2016,46,Chantilly,VA,Lewis,,Collins,6182062552,N,N,Y,Y,N,N,3,,,
663,"2016-09-29 16:32:13","2016-09-29 16:32:13",,master,,"Giant Food Stores (Martin's)","1149 Harrisburg Pike",,Carlisle,PA,17013,27,9,2016,28,11,2016,438,"Richmond & Glen Allen",VA,Jim,,Saccary,7172407597,N,N,N,Y,N,N,1,,,
662,"2016-09-28 16:12:33","2016-09-28 16:12:33",,master,,"HDT Global","30525 Aurora Road",,Solon,OH,44139,26,9,2016,31,12,2016,74,"Buena Vista",VA,Veronica,,Gilbert,2164386157,N,N,N,Y,N,N,3,,,
661,"2016-09-16 20:15:26","2016-09-16 20:15:26",,master,,"Nordson Corporation","28601 Clemens Road",,Westlake,OH,44145,16,9,2016,1,5,2017,146,Pulaski,VA,John,,Keane,4404145739,N,N,N,Y,N,N,4,,,
660,"2016-09-01 21:01:11","2016-09-01 21:01:11",,master,,"Arrow Electronics, Inc.","7459 South Lima Street",,Englewood,CO,80112,30,8,2016,29,10,2016,72,Ashland,VA,Mayra,L.,Lopez,3038244177,N,N,Y,Y,N,N,1,,,
659,"2016-08-31 20:34:04","2016-08-31 20:34:04",,master,,"Novitex Government Solutions","8401 Corporate Drive",,Landover,MD,20785,29,8,2016,30,9,2016,55,Sterling,VA,Betty,,Smith,2407700243,N,N,Y,Y,N,N,3,,,
658,"2016-08-19 21:11:07","2016-08-19 21:11:07",,master,,"IBEX Global","5000 Northfield Lane",,"Spring Hill",TN,37174,14,8,2016,12,10,2016,215,Hampton,VA,Ginni,,Goldsberry,6154966197,N,N,Y,N,Y,N,2,,,
656,"2016-08-02 17:27:36","2016-08-02 17:27:36",,master,,Sandvik,"15020 Industrial Park Road",,Bristol,VA,24202,29,7,2016,30,9,2016,49,Bristol,VA,Debbie,,Smith,2766455429,N,N,N,Y,N,N,4,,,
657,"2016-08-05 13:50:17","2016-08-05 13:50:17",,master,,"Lockheed Martin ","3400 Della Circle",,"Fallon ",NV,89406,29,7,2016,1,10,2016,123,"Wallops Island",VA,Melanie,Sche,,7754236862,N,N,N,N,Y,N,2,,,
655,"2016-07-28 18:29:29","2016-07-28 18:29:29",,master,,BB&T,"200 West Second Street (27101)","P.O. Box 1215",Winston-Salem,NC,27102,27,7,2016,27,7,2016,61,Richmond,VA,Martha,,Willis,3367332411,N,Y,N,N,Y,N,1,,,
