notice_id,created,modified,importedcombo,type,ms_notice_id,c_name,c_address1,c_address2,c_city,c_state,c_zip,notice_d,notice_m,notice_y,impact_d,impact_m,impact_y,employees,l_city,l_state,cp_fname,cp_mname,cp_lname,cp_phone,realignment,layoff,masslayoff,closure,permreduction,applied,region,union_contact_nm,union_contact_ph,col_bar_ut
595,"2015-06-26 20:14:28","2015-06-26 20:14:28",,master,,"Buccaneer Computer Systems & Services, INC.","6799 Kennedy Road",,Warrenton,VA,20187,25,6,2015,25,8,2015,137,Warrenton,VA,Deborah,S.,Martin,5403477400,N,Y,N,N,N,N,3,,,
596,"2015-06-30 20:56:53","2015-06-30 20:56:53",,master,,"Parsons Technical Services, Inc.","8500 Cinder Bed Road","Suite 200",Newington,VA,22122,25,6,2015,25,9,2015,100,"Springfield & Newington",VA,Malinda,K.C.,Feurtado,5714805310,N,N,Y,N,N,N,3,,,
594,"2015-06-12 20:53:30","2015-06-12 20:53:30",,master,,"GENCO Installation Support Services ","Fort Lee","1740 Shop Road, Bldg 6268","Fort Lee",VA,23801,12,6,2015,7,8,2015,85,"Fort Lee",VA,Paul,,Self,8047344195,N,N,N,Y,N,N,1,,,
591,"2015-06-09 12:56:45","2015-06-09 12:56:45",,master,,"Avis Budget Group","300 Centre Pointe Drive,",,"Virginia Beach",VA,23462,29,5,2015,1,8,2015,146,"Virginia Beach",VA,Sylvia,,Harris,7576872036,N,N,N,Y,N,N,2,,,
592,"2015-06-09 13:02:18","2015-06-09 13:02:18",,master,,"Bayshore Concrete Products Corporation","1134 Bayshore Road,",,"Cape Charles",VA,23310,19,5,2015,19,7,2015,81,"Cape Charles",VA,Keith,,Colonna,7573312300,N,N,N,Y,N,N,2,,,
593,"2015-06-09 13:07:07","2015-06-09 13:07:07",,master,,Kmart,"3333 Beverly Road,"," ","Hoffman Estates",IL,60179,29,4,2015,19,7,2015,82,"Hoffman Estates",IL,Cricket,,Jones,8472862500,N,N,N,Y,N,N,2,,,
590,"2015-06-09 12:50:19","2015-06-09 12:50:19",,master,,"Carpenter Company","5016 Monument Ave, P.O. Box 27205",,Richmond,VA,23261,23,4,2015,24,6,2015,55,Richmond,VA,Herbert,A.,"Claiborne,",8043590800,N,Y,N,N,N,N,1,,,
589,"2015-06-09 12:35:18","2015-06-09 12:35:18",,master,,"Raytheon Intelligence, Information and Services","7500 Geoint Dr.,",,Springfield,VA,22150,15,4,2015,30,6,2015,59,Springfield,VA,Betty,,Chaparro,7039121860,N,N,N,Y,N,N,3,,,
584,"2015-04-09 21:07:35","2015-04-09 21:07:35",,master,,"CB&I Maintenance, Inc. ","4171 Essen Lane","                          ","Baton Rouge",LA,70809,7,4,2015,29,4,2015,148,Hopewell,VA,Amanda,,,2259877403,N,Y,N,N,N,N,1,,,
585,"2015-04-14 20:12:36","2015-04-15 12:52:35",,master,,"Wyle-Aerospace Group","22309 Exploration Drive","                   ","Lexington Park",MD,20653,6,4,2015,31,5,2015,67,Arlington,VA,Lisa,,,3018662113,N,N,N,Y,N,N,3,,,
582,"2015-03-31 16:02:05","2015-03-31 16:02:05",,master,,"Parsons ","8500 Cinder Bed Road","Suite 210",Newington,VA,22122,30,3,2015,29,5,2015,100,"Springfield & Newington",VA,Malinda,"   ",Feurtado,5714805310,N,N,Y,N,N,N,3,,,
583,"2015-04-01 19:35:04","2015-04-01 19:35:04",,master,,"Norfolk Southern Corporation-NS","Three Commercial Place","                          ",Norfolk,VA,23510,27,3,2015,1,6,2015,426,"Roanoke ",VA,"Annie ","   ",Adams,7576292697,N,N,N,Y,N,N,4,,,
581,"2015-03-31 15:39:24","2015-03-31 15:39:24",,master,,"Sweet Briar College","34 Chapel Road"," P.O. Box 1090 ","Sweet Briar",VA,24595,26,3,2015,31,5,2015,344,"Sweet Briar",VA,"Carolyn ","  ",Burton,4343816510,N,N,N,Y,N,N,1,,,
580,"2015-03-17 20:01:42","2015-03-17 20:01:42",,master,,"AT&T Corporation","One AT&T Way","                                  ",Bedminster,NJ,7921,16,3,2015,31,7,2015,62,Norton,VA,"J. Michael ","    ",Schweder,9082343248,N,N,N,Y,N,N,4,,,
579,"2015-03-13 14:52:15","2015-03-13 14:52:15",,master,,"Riverside Pace","Riverside Health System","701 Town Center Dr Ste. 1000","Newport News",VA,23606,12,3,2015,15,5,2015,90,Richmond,VA,Sally,"   ",Hartman,7575347053,N,N,N,Y,N,N,1,,,
578,"2015-03-10 21:07:42","2015-03-10 21:07:42",,master,,United,"233 South Wacker Drive","17th Floor-WHQAO",Chicago,IL,60606,6,3,2015,17,5,2015,64,Richmond,VA,Hermes,"   ",Pineda,8728256741,N,Y,N,N,N,N,1,,,
573,"2015-03-02 21:51:27","2015-03-02 21:51:27",,master,,"Riverside PACE ","315 Brown Street ",,"Petersburg ",VA,23803,27,2,2015,30,4,2015,67,"Petersburg ",VA,"Sally ",,"Hartman ",7575347053,N,N,N,Y,N,N,1,,,
574,"2015-03-03 21:08:55","2015-03-03 21:09:09",,master,,"Office Depot Inc. ","6600 North Military Trail","                                  ","Boca Raton ",FL,33496,26,2,2015,22,5,2015,143,Bristol,VA,"Vicky ","    ",Schmidt,8152207818,N,N,Y,N,N,N,4,,,
576,"2015-03-09 15:22:45","2015-03-09 15:22:45",,master,,"Kids ""R"" Kids","6761 Temie Lee Pkwy","                               ",Midlothian,VA,23112,26,2,2015,6,3,2015,39,Midlothian,VA,Christian,M.,Tipold,8046435437,N,N,N,Y,N,N,1,,,
575,"2015-03-05 19:38:44","2015-03-09 19:40:57",,master,,"Trident Seafoods Corporation","5303 Shilshole Ave NW","                                  ",Seattle,WA,98107,20,2,2015,21,4,2015,65,Bedford,VA,Brad,,Johnson,2062976579,N,Y,N,N,N,N,1,,,
571,"2015-02-18 22:10:30","2015-02-18 22:10:30",,master,,"Bart & Associates, Inc. ","8300 Greensboro Drive ","Suite 900","McLean ",VA,22102,12,2,2015,16,4,2015,73,Fairfax,VA,"Ray ",,"Green ",7037529708,N,N,Y,N,N,N,3,,,
577,"2015-03-09 19:39:47","2015-03-09 19:39:47",,master,,"Kmart ","Sears Holdings Support Center","3333 Beverly Road","Hoffman Estates",IL,60179,12,2,2015,10,5,2015,113,"Colonial Heights",VA,"Cricket ","   ",Jones,8472862500,N,N,N,Y,N,N,1,,,
572,"2015-02-25 21:58:47","2015-02-25 21:58:47",,master,,"Freight Handlers, Inc. FHI, LLC","P.O. Box 546","                                     ",Fuquay-Varina,NC,27526,10,2,2015,18,4,2015,65,Disputanta,VA,"Nate ","    ",Kirby,4346329053,N,N,N,N,Y,N,1,,,
570,"2015-02-03 20:25:31","2015-02-03 20:25:31",,master,,"Tyonek Services Group, Inc.","229 Palmer Road","                         ",Madison,AL,35758,30,1,2015,31,3,2015,45,"Virignia Beach",VA,"John ","    ",Ward,2562580109,N,N,Y,N,N,N,2,,,
567,"2015-01-30 15:46:15","2015-02-03 19:38:43",,master,,"Suncoke Energy, Inc.","P.O. Box 70","            ",Vansant,VA,24631,29,1,2015,29,1,2015,151,Oakwood,VA,"Sue ","    ",Mullins,2769353648,N,N,N,Y,N,N,4,,,
568,"2015-02-02 16:51:04","2015-02-02 16:51:04",,master,,"Bank of America","1455 Pennsylvania Ave., NW","9th Floor, Suite 950",Washington,DC,20004,28,1,2015,29,3,2015,202,Norlfolk,VA,John,"   ",Collingwood,2026617130,N,Y,N,N,Y,N,2,,,
569,"2015-02-03 19:38:12","2015-02-03 19:38:12",,master,,"Concord Hospitality Enterprises Company","11410 Common Oaks Drive","                                   ",Raleigh,NC,27614,28,1,2015,29,3,2015,77,Richmond,VA,Debra,L,Punke,9194552888,N,N,N,Y,N,N,1,,,
565,"2015-01-08 21:01:29","2015-01-08 21:01:29",,master,,"Iluka Resources","12472 St John Church Road",,"Stony Creek",VA,23882,8,1,2015,15,4,2015,120,"Stony Creek & Emporia",VA,Stuart,"    ",Leinenbach,4343484307,N,N,N,Y,N,N,1,,,
563,"2015-01-05 21:41:30","2015-01-05 21:41:30",,master,,"TECO Coal Corporation ","200 Allison Blvd.",,"Corbin ",KY,40701,30,12,2014,12,2,2015,85,Hurley,VA,Paul,,Matney,6065234221,N,Y,N,N,N,N,4,,,
564,"2015-01-08 20:52:34","2015-01-08 20:52:34",,master,,"Harris IT Services","44873 Falcon Place ","Suite 150",Sterling,VA,20166,22,12,2014,28,2,2015,65,Sterling,VA,Charlene,,Collier,5714319345,N,Y,N,N,N,N,3,,,
562,"2014-12-15 21:40:00","2014-12-15 21:40:00",,master,,"SunCoke Energy, Inc.","P.O. Box 70","                              ",Vansant,VA,24656,15,12,2014,15,12,2014,160,Oakwood,VA,Sue,"    ",Mullins,2769353648,N,N,N,Y,N,N,4,,,
561,"2014-11-21 19:31:32","2014-11-21 19:32:02",,master,,"Cumberland River Coal Company","Route 636","Dunbar Road",Appalachia,VA,24216,21,11,2014,20,1,2015,1,Appalachia,VA,"Debbie ","    ",Keene,2763834933,N,N,N,N,Y,N,4,,,
534,"2014-07-24 20:47:18","2014-11-24 20:39:15",,master,,"Trident Seafoods Corporation","5303 Shilshole Ave NW","                                ",Seattle,WA,98107,12,11,2014,14,1,2015,70,Bedford,VA,"Brad ","   ",Johnson,2062976579,N,N,Y,Y,N,N,1,,,
560,"2014-11-10 21:54:14","2014-11-10 21:54:14",,master,,"Lumber Liquidators","300 John Deere Road","                           ",Toano,VA,23168,10,11,2014,30,11,2014,121,Hampton,VA,"Rachel ","S. ",Becke,7575667488,N,Y,N,N,N,N,2,,,
559,"2014-10-30 15:48:53","2014-10-30 15:48:53",,master,,"Sprint ","6200 Sprint Parkway ",,"Overland Park",KS,66251,24,10,2014,24,10,2014,235,"Reston ",VA,"Marcy ",F,Hines,3372140207,N,N,N,N,Y,N,3,,,
558,"2014-10-29 21:13:27","2014-10-29 21:13:27",,master,,"Dominion ","5000 Dominion Blvd","                           ","Glen Allen",VA,23060,23,10,2014,28,12,2014,29,Chesapeake,VA,Tomako,R.,Deaner,8042733566,N,Y,N,N,N,N,2,,,
557,"2014-10-23 20:24:43","2014-10-23 20:24:43",,master,,"TECO Coal Corporation ","200 Allison Blvd","                             ","Corbin ",KY,40701,20,10,2014,31,12,2014,101,Hurley,VA,Paul,"   ",Matney,6065234221,N,N,N,Y,N,N,4,,,
555,"2014-10-17 21:02:02","2014-10-17 21:02:02",,master,,"Intersections Inc.","3901 Stonecroft Boulevard","                                     ",Chantilly,VA,20151,17,10,2014,19,12,2014,77,Altavista,VA,"Pattie ","   ","Stiffler, Sr",7034886170,N,N,N,Y,N,N,1,,,
556,"2014-10-20 21:09:06","2014-10-20 21:09:06",,master,,"Kmart Corporation","Sear Holdings Support Center","3333 Beverly Road","Hofman Estates",IL,80179,15,10,2014,18,1,2015,88,"Front Royal",VA,Mike,"   ",Smith,8472862500,N,N,N,Y,N,N,3,,,
553,"2014-10-09 18:48:18","2014-10-09 18:48:18",,master,,"Colonial Downs ","10515 Colonial Downs Pkwy","                                     ","New Kent",VA,23124,4,10,2014,31,12,2014,52,"New Kent & Richmond",VA,"Ian ",M,Stewart,8049667223,N,N,N,Y,N,N,1,,,
554,"2014-10-09 18:50:48","2014-10-09 18:50:48",,master,,"Colonial Downs","10515 Colonial Downs Pkwy","                                    ","New Kent",VA,23124,4,10,2014,31,12,2014,23,"Hampton & Chesapeake",VA,Ian,M,Stewart,8049667223,N,N,N,Y,N,N,2,,,
551,"2014-10-03 19:40:43","2014-10-03 19:40:43",,master,,"Asheboro Elastics Corporation","32056 East Circle","      ",Boykins,VA,23827,3,10,2014,30,11,2014,100,Boykins,VA,"Kris ","   ",Potter,7576546131,N,N,Y,N,N,N,2,,,
552,"2014-10-03 19:47:11","2014-10-03 19:47:11",,master,,"The Founders Inn and Spa","5641 Indian River Road","                               ","Virginia Beach",VA,23464,3,10,2014,31,12,2014,208,"Virginia Beach",VA,"Margaret ","    ",Deane,7573665816,N,N,Y,N,N,N,1,,,
550,"2014-10-01 20:58:39","2014-10-01 20:58:54",,master,,"Keolis Transit America","6053 W. Centry Blvd","Suite 900","Los Angeles",CA,23224,30,9,2014,30,11,2014,106,Richmond,VA,Perri,"    ",Newell,3109819500,N,Y,N,N,N,N,1,,,
549,"2014-09-25 16:23:04","2014-09-25 16:23:04",,master,,"Fluor Enterprises, Inc","100 Fluor Danile Drive","                         ",Greenville,SC,29607,24,9,2014,30,11,2014,90,"Front Royal",VA,"James ","  ",Hartman,8656715431,N,N,Y,N,Y,N,3,,,
548,"2014-09-19 20:44:28","2014-09-19 20:44:28",,master,,"Cumberland River Coal Company","Route 636","Dunbar Road",Appalachia,VA,24216,19,9,2014,18,11,2014,4,Appalachia,VA,Debbie,"    ",Keene,2763834933,N,N,N,N,Y,N,4,,,
547,"2014-09-11 20:28:33","2014-09-11 20:28:33",,master,,"Travel Centers of America","24601 Center Ridge Road","                                     ",Westlake,OH,44145,8,9,2014,15,11,2014,66,Troutville,VA,"Bruce ","   ",Sebera,4408083045,N,Y,N,Y,N,N,4,,,
546,"2014-09-09 20:23:25","2014-09-09 20:23:25",,master,,URS,"9400 Ambergien Boulevard","P.O. Box 201088",Austin,TX,78720,29,8,2014,31,10,2014,208,"Virginia Beach",VA,Brittne,"    ",Bailey,5124153750,N,Y,N,N,N,N,2,,,
545,"2014-08-20 20:57:13","2014-08-20 20:57:13",,master,,"DynCorp International LLC","1700 Old Meadow Road ","                             ",McLean,VA,22102,20,8,2014,31,8,2014,64,Vienna,VA,Tracey,"    ",Engelfried,5712329817,N,Y,N,N,N,N,3,,,
535,"2014-07-24 20:50:52","2014-09-19 20:39:49",,master,,"Cumberland River Coal Company","US Route 603","Dunbar Road                     ",Appalachia,VA,24216,21,7,2014,19,9,2014,213,Appalachia,VA,"Debbie ","    ",Keene,2763834933,N,N,N,Y,Y,N,4,,,
536,"2014-07-24 20:53:09","2014-07-24 20:53:09",,master,,Intuit,"2632 Marine Way","                             ","Mountain View",CA,94043,15,7,2014,15,9,2014,159,Fredericksburg,VA,Sibel,"    ",Sibel,5209013048,N,N,N,N,Y,N,2,,,
537,"2014-07-24 20:55:39","2014-07-24 20:55:39",,master,,"Acision, LLC","6404 Internatioanl Parkway","Suite 2010             ",Plano,TX,75093,11,7,2014,9,9,2014,65,Richmond,VA,"Christina ","    ",Foushee,2144497694,N,N,N,N,Y,N,1,,,
538,"2014-07-24 20:58:21","2014-07-24 20:58:21",,master,,"Corizon Health","105 West Park Drive","Suite 200",Brentwood,VA,37027,11,7,2014,30,9,2014,47,"Eastern ",VA,Linda,"   ",Young,6156606832,N,Y,N,N,N,N,2,,,
539,"2014-07-24 21:00:31","2014-07-24 21:00:31",,master,,"Corizon Health","105 West Park Drive","Suite 200",Brentwood,TN,37027,11,7,2014,30,9,2014,216,Northern,VA,"Corizon Health","    ",Young,6156606832,N,Y,N,N,N,N,3,,,
540,"2014-07-24 21:02:47","2014-07-24 21:02:47",,master,,"Corizon Health","105 West Park Drive","Suite 200",Brentwood,TN,37027,11,7,2014,30,9,2014,375,Central,VA,Linda,"   ",Young,6156606832,N,Y,N,N,N,N,1,,,
541,"2014-07-24 21:06:08","2014-07-24 21:06:08",,master,,"United Arab Shipping Company (UASC)","511 South Avenue East",,Cranford,NJ,7016,8,7,2014,1,9,2014,20,Chesapeake,VA,Anil,"    ",Vitarana,9082720050,N,Y,N,N,N,N,2,,,
530,"2014-07-02 17:17:06","2014-07-03 09:27:53",,master,,"Med-Fit Systems, Inc.","  709 Powerhouse Road                 ","                                         ",Independence,VA,24348,2,7,2014,30,6,2014,104,"Independence ",VA,Mollie,"    ",Beach,2767731219,N,N,Y,N,Y,N,4,,,
523,"2014-05-30 16:16:00","2014-07-07 09:31:48",,master,,"NII Holdings, Inc. ","1875 Explorer Street","Suite 1000",Reston,VA,20190,1,7,2014,31,7,2014,88,Reston,VA,Shana,"C. ",Smith,7033907286,N,Y,N,N,N,N,3,,,
531,"2014-07-02 17:20:36","2014-07-02 17:20:36",,master,,"Transit Holding, LLC","109 North Bailey Lane","                      ",Purcellville,VA,20132,1,7,2014,31,8,2014,52,Purcellville,VA,Carol,"    ",Menking,5403381610,N,Y,N,N,N,N,3,,,
