notice_id,created,modified,importedcombo,type,ms_notice_id,c_name,c_address1,c_address2,c_city,c_state,c_zip,notice_d,notice_m,notice_y,impact_d,impact_m,impact_y,employees,l_city,l_state,cp_fname,cp_mname,cp_lname,cp_phone,realignment,layoff,masslayoff,closure,permreduction,applied,region,union_contact_nm,union_contact_ph,col_bar_ut
653,"2016-06-30 19:57:58","2016-06-30 19:57:58",,master,,"Virginia Managment Inc.","4600 Fairfax Drive",,Arlington,VA,22203,22,6,2016,24,8,2016,61,Alexandria,VA,Albert,,Didden,7033580022,N,Y,N,N,N,N,3,,,
654,"2016-06-30 20:11:05","2016-06-30 20:11:05",,master,,"Genworth Financial Inc.","6620 W. Broad Street",,Richmond,VA,23230,15,6,2016,16,8,2016,42,"Richmon & Lynchburg",VA,Dawn,,Metz,8046622600,N,N,Y,N,N,N,1,,,
650,"2016-06-14 21:00:08","2016-06-14 21:00:08",,master,,"Martin's ","1149 Harrisburg Pike ",,"Carlisle ",PA,17013,14,6,2016,13,8,2016,65,"Petersburg ",VA,Jim,,Saccary,7172407597,N,N,N,Y,N,N,1,,,
651,"2016-06-14 21:01:56","2016-06-14 21:01:56",,master,,Martin's,"1149 Harrisburg Pike",,Carlisle,PA,17013,14,6,2016,13,8,2016,94,Mechanicsville,VA,Jim,,Saccary,7172407597,N,N,N,Y,N,N,1,,,
652,"2016-06-14 21:03:39","2016-06-14 21:03:39",,master,,Martin's,"1149 Harrisburg Pike",,Carlisle,PA,17013,14,6,2016,13,8,2016,96,Richmond,VA,Jim,,Saccary,7172407597,N,N,N,Y,N,N,1,,,
649,"2016-06-14 20:09:21","2016-06-14 20:09:21",,master,,"HSN ","1 HSN Drive ",,"St. Petersburg ",FL,33729,10,6,2016,10,8,2016,257,"Roanoke ",VA,Bob,,Monti,7278724392,N,N,N,Y,N,N,4,,,
648,"2016-05-11 20:06:18","2016-05-11 20:06:18",,master,,"Midwesco Filter Resources, Inc. ","7720 N. Lehigh Avenue",,Niles,IL,60714,5,5,2016,3,7,2016,147,Winchester,VA,Wayne,,Bosh,8479291339,N,N,N,Y,N,N,3,,,
646,"2016-05-10 20:44:02","2016-05-10 20:44:02",,master,,"Innovative Buildings Systems, LLC","4900 Ritter Road","Suite 130",Mechanicsburg,PA,17055,3,5,2016,3,5,2016,219,"Rocky Mount",VA,Jolene,,Myers,6265368026,N,N,N,Y,N,N,4,,,
645,"2016-04-15 18:11:24","2016-04-15 18:11:24",,master,,HarrisConnect,"1400 Crossways Blvd","Suite 101",Chesapeake,VA,23320,12,4,2016,11,6,2016,106,Chesapeake,VA,Susan,,D'Agostine,7574552923,N,N,N,N,Y,N,2,,,
644,"2016-04-12 18:33:30","2016-04-12 18:33:30",,master,,"Southern Season","100 Europa Drive","Suite 101","Chapel Hill",NC,27517,8,4,2016,9,6,2016,115,Richmond,VA,Brian,J.,Fauver,9199131243,N,N,N,Y,N,N,1,,,
634,"2016-02-17 15:21:21","2016-02-17 15:21:21",,master,,"Pyrotechnique by Grucci, Inc. *notice rescinded","P.O. Box 1 Route 114","c/0 Radford Army Ammunition Plant",Radford,VA,24143,4,4,2016,8,4,2016,0,Radford,VA,Randall,,Summer,5406398800,N,Y,N,N,N,N,4,,,
647,"2016-05-11 14:35:23","2016-05-11 14:35:23",,master,,Alorica,"8151 Peters Road","Suite 4000",Plantation,FL,33324,30,3,2016,31,5,2016,262,Norfolk,VA,Carol,,Smith,9546934456,N,N,Y,N,N,N,2,,,
643,"2016-03-31 21:42:50","2016-03-31 21:42:50",,master,,"CACI Inc","1100 North Glebe Road ",,Arlington,VA,22201,28,3,2016,27,5,2016,64,"Norfolk ",VA,Valerie,,Lyons,7038417800,N,Y,N,N,N,N,2,,,
639,"2016-03-24 19:03:28","2016-03-24 19:03:28",,master,,"Hospice of Virginia","1700 Bayberry Court","Suite 300",Richmond,VA,23226,21,3,2016,15,5,2016,16,Farmville,VA,Lloyd,,Buckwell,3308081280,N,N,N,Y,N,N,1,,,
642,"2016-03-24 19:15:07","2016-03-24 19:15:07",,master,,"AEC Narrow Fabrics ","150 North Park Street","PO Box 1143",Asheboro,VA,27204,21,3,2016,30,4,2016,5,Boykins,VA,Kris,,Potter,7576534444,N,Y,N,N,N,N,2,,,"Jason Weitzel, Carpenters Industrial Council & local 2316"
638,"2016-03-24 19:01:28","2016-03-24 19:01:28",,master,,"Hospice of Virginia","1700 Bayberry Court","Suite 300",Richmond,VA,23226,20,3,2016,15,5,2016,76,Richmond,VA,Lloyd,,Buckwell,3308081280,N,N,N,Y,N,N,1,,,
640,"2016-03-24 19:05:56","2016-03-24 19:05:56",,master,,"Hospice of Virginia","1700 Bayberry Court","Suite 300",Richmond,VA,23226,20,3,2016,15,5,2016,18,Tappahannock,VA,Lloyd,,Buckwell,3308081280,N,N,N,Y,N,N,2,,,
641,"2016-03-24 19:09:37","2016-03-24 19:09:37",,master,,"Hospice of Virginia","1700 Bayberry Court","Suite 300",Richmond,VA,23226,15,3,2016,15,5,2016,5,"Newport News",VA,Lloyd,,Buckwell,3308081280,N,N,N,Y,N,N,2,,,
636,"2016-03-16 20:30:04","2016-03-16 20:30:04",,master,,"Sterling Backcheck Company","1 State Street Plaza","24th Floor","New York",NY,10019,9,3,2016,23,8,2016,83,Winchester,VA,Katheryn,,Ivie,6468293326,N,N,N,Y,N,N,3,,,
637,"2016-03-16 20:34:25","2016-03-16 20:34:25",,master,,"Gannett Publishing Services","6883 Commercial Drive",,Springfield,VA,22159,5,3,2016,1,7,2016,7,Springfield,VA,Deborah,,Farmer,7037508130,N,N,N,Y,N,N,3,,,
635,"2016-03-01 21:56:41","2016-03-01 21:56:41",,master,,"Ball North American Metal Beverage Package","9300 West 108th Circle",,Broomfield,CO,80021,23,2,2016,1,5,2016,200,Bristol,VA,Terry,,McGinley,3034604332,N,N,N,Y,N,N,4,,,"United Steelworkers (865)977-1655"
633,"2016-02-05 21:33:42","2016-02-05 21:33:42",,master,,"Genworth Financial","6620 West Broad Street",,Richmond,VA,23230,4,2,2016,10,4,2016,336,"Richmond & Lynchburg",VA,Michael,,Laming,8046622600,N,N,Y,N,N,N,1,,,
632,"2016-01-26 22:19:10","2016-01-26 22:19:10",,master,,"Sprint ",6200,,"Overland Park ",KS,66251,22,1,2016,29,4,2016,380,"Hampton ",VA,Jennifer,,Cox,9137626795,N,Y,N,N,N,N,2,,,
631,"2016-01-21 21:28:27","2016-01-21 21:28:27",,master,,"General Dynamics Mission Systems","430 Natioanl Business Parkway",,Annapolis,MD,20701,19,1,2016,7,3,2016,60,Hampton,VA,Lisa,,Warwick,4437558133,N,N,Y,N,N,N,2,,,
630,"2016-01-12 16:17:11","2016-01-12 16:17:11",,master,,"BAE Systems","750 West Berkley Avenue",,Norfolk,VA,23523,12,1,2016,18,3,2016,500,Norfolk,VA,Amanda,,Burns,7574944795,N,N,Y,N,N,N,2,,,"International Brotherhood of Boilermakers"
614,"2015-11-10 21:41:32","2015-11-10 21:41:32",,master,,"General Dynamics NASSCO-Norfolk ","200 Ligon Street",,Norfolk,VA,23523,8,1,2016,29,1,2016,260,"Norfolk & Portsmouth",VA,Allison,N.,Pierson,7575436801,N,N,Y,N,N,N,2,,,"International Brotherhood of Boilermakers, Iron Ship Builder"
625,"2016-01-11 20:10:09","2016-01-11 20:10:09",,master,,"Nationwide Mutual Insurance Company","One Nationwide Plaza",,Columbus,OH,43218,7,1,2016,11,3,2016,85,Lynchburg,VA,Peter,G.,Hendey,6142496197,N,N,N,Y,N,N,1,,,
626,"2016-01-11 20:21:37","2016-01-11 20:21:37",,master,,Macy's,"Virginia Center Commons","10101 Brook Road","Glen Allen",VA,23059,6,1,2016,14,3,2016,81,"Glen Allen",VA,Chanell,,Bracey-Davis,6464294729,N,N,N,Y,N,N,1,,,
627,"2016-01-11 20:29:19","2016-01-11 20:29:19",,master,,Macy's,"Peninsula Town Center","3000 Allainby Way",Hampton,VA,23666,6,1,2016,14,3,2016,109,Hampton,VA,Chanell,,Bracey-Davis,6464294729,N,N,N,Y,N,N,2,,,
628,"2016-01-11 21:11:35","2016-01-11 21:11:35",,master,,Macy's,"Military Circle","880 N. Military Hwy",Norfolk,VA,23502,6,1,2016,14,3,2016,95,Norfolk,VA,Chanell,,Bracey-Davis,6464294729,N,N,N,Y,N,N,2,,,
629,"2016-01-11 21:15:35","2016-01-11 21:15:35",,master,,Macy's,"Regency Square","1406 Parham Road",Richmond,VA,23229,6,1,2016,14,3,2016,135,Richmond,VA,Chanell-Bracey-Davis,,,6464294729,N,N,N,Y,N,N,1,,,
624,"2016-01-05 21:18:11","2016-01-05 21:18:11",,master,,"Sykes Enterprises, Incorporated ","400 North Drive ",,Tampa,FL,33602,4,1,2016,4,3,2016,184,"Vansant ",VA,Billi,,Peltz,7014257794,N,Y,N,Y,N,N,4,,,
623,"2016-01-05 20:15:22","2016-01-05 20:15:22",,master,,"Pleasants Hardware","2024 West Broad Street ",,"Richmond ",VA,23220,29,12,2015,27,2,2016,95,"Richmond ",VA,April,Timm,,8043428596,N,Y,N,Y,N,N,1,,,
622,"2015-12-10 21:17:57","2015-12-10 21:17:57",,master,,"SSC Service Solutions","1845 Midpark Road","Suite 201",Knoxville,TN,37921,9,12,2015,1,1,2016,71,Alexandria,VA,Paul,,Rebeil,8174217847,N,N,Y,N,N,N,3,,,
621,"2015-12-10 21:13:38","2015-12-10 21:13:38",,master,,"Alion Science and Technology","1750 Tysons Boulevard","Suite 1300",McLean,VA,22102,8,12,2015,31,12,2015,114,Arlington,VA,Katherine,,Madaleno,7032693487,N,N,Y,N,N,N,3,,,
620,"2015-12-08 21:42:47","2015-12-08 21:42:47",,master,,"Newport News Shipbuilding","4101 Washington Avenue",,"Newport News",VA,23607,3,12,2015,4,12,2015,741,"Newport News",VA,Stephen,,Smith,7573807085,N,N,Y,N,Y,N,2,,,"United Steelworkers of America "
617,"2015-12-03 21:39:51","2015-12-03 21:39:51",,master,,"Volvo Group Trucks Operations ","4881 Cougar Trucks Operations",,Dublin,VA,24084,1,12,2015,5,2,2016,734,Dublin,VA,Jerry,,Shiffner,5406742232,N,N,Y,N,N,N,4,,,
618,"2015-12-04 18:13:14","2015-12-04 18:13:14",,master,,"CACI International Inc.","1100 North Giebe Road",,Arlington,VA,22201,30,11,2015,31,1,2016,69,Norfolk,VA,Valarie,,Lyons,7034601309,N,N,Y,N,N,N,2,,,
605,"2015-09-11 12:58:38","2015-09-11 12:58:38",,master,,"PAREXEL International ","5870 Trinity Parkway","Suite 500",Centreville,VA,20120,24,11,2015,4,1,2016,48,Centreville,VA,Laurie,,Dean,9192945132,N,N,Y,N,Y,N,3,,,
616,"2015-12-03 21:32:54","2015-12-03 21:32:54",,master,,"Mitisubishi Kagaku Imaging Corporation (MKIC)","655 N. Central Avenue","Suite 1550","Glendale ",CA,91203,24,11,2015,19,1,2016,83,Chesapeake,VA,Yvonne,,Bienaime,8188373900,N,N,Y,N,N,N,2,,,
615,"2015-11-24 20:56:07","2015-11-24 20:56:07",,master,,"Serco Inc.","1818 library Street","Suite 1000",Reston,VA,20190,19,11,2015,1,2,2016,44,"Virginia Beach",VA,Leah,,Cohen-McHale,7039396518,N,N,Y,N,N,N,2,,,
619,"2015-12-08 21:38:53","2015-12-08 21:38:53",,master,,"Home Retention Services, Inc. ","9700 Bissonnet Street","Suite 1500","Houston ",TX,77036,19,11,2015,1,4,2016,255,Chesapeake,VA,Samantha,,Elder,7136258042,N,N,N,Y,N,N,2,,,
613,"2015-11-09 18:19:14","2015-11-09 18:19:14",,master,,"Range Resources-Pine Mountain, Inc.","100 Throckmorton Street","Suite 1200","Fort Worth",TX,76102,9,11,2015,31,12,2015,158,"Abingdon, Clintwood & Haysi ",VA,Sarah,,Keast,8175097019,N,N,Y,N,N,N,4,,,
611,"2015-11-06 21:41:18","2015-11-06 21:41:18",,master,,"Raytheon Intelligence Information & Services","6125 East 21st Street",,Indianapolis,IN,46219,5,11,2015,4,1,2016,92,Norfolk,VA,David,,Alvarado,8585222034,N,N,Y,N,N,N,2,,,
612,"2015-11-06 21:46:31","2015-11-06 21:46:31",,master,,"Cumberland River Coal Company","US Route 603","Dunbar Road",Appalachia,VA,24216,30,10,2015,30,12,2015,8,Appalachia,VA,Debbie,,Keene,2763834933,N,N,N,N,Y,N,4,,,"Scotia Employees Association"
610,"2015-10-29 19:43:02","2015-10-29 19:43:02",,master,,"Jacobs Technology Inc. ","Advanced Systems Group ","1020 Titan Court","Fort Walton Beach",FL,32547,27,10,2015,12,1,2016,146,Fairfax,VA,Sherry,,Ray,8503372657,N,N,Y,N,N,N,3,,,
609,"2015-10-09 20:44:45","2015-10-09 20:44:45",,master,,"Gannett Publishing Services ","6883 Commercial Drive",,Springfield,VA,22159,6,10,2015,28,2,2016,250,"Springfield ",VA,Sylvia,,Compito,7037508133,N,N,N,Y,N,N,3,,,
607,"2015-09-25 20:03:55","2015-09-25 20:03:55",,master,,"Home Retention Services, Inc.","1980 Post Oak Blvd","Suite 900",Houston,TX,77056,23,9,2015,23,11,2015,255,Chesapeake,VA,Susan,,McLauchlan,7573991738,N,N,N,Y,N,N,2,,,
606,"2015-09-22 20:38:13","2015-09-22 20:38:13",,master,,"BAE Systems","750 West Berkley Avenue",,Norfolk,VA,23523,21,9,2015,20,11,2015,1512,Norfolk,VA,Amanda,,Burns,7635726229,N,N,N,N,Y,N,2,,,"International Brotherhood of Boilermakers Rep ISO Dwain Burn"
608,"2015-09-25 20:22:13","2015-09-25 20:22:13",,master,,"Alpha Natural Resources ","5703 Crutchfeild Drive",,"Norton ",VA,24273,21,9,2015,20,11,2015,527,"Clintwood & Nora",VA,Rhonda,,Dotson,2766797101,N,N,Y,Y,N,N,4,,,
604,"2015-09-04 16:57:56","2015-09-04 16:57:56",,master,,Sodex,"12 Short Street",,Pittsburg,PA,15223,31,8,2015,2,10,2015,66,Petersburg,VA,Bill,,Kenst,4127812805,N,N,N,Y,N,N,1,,,
602,"2015-08-25 21:44:41","2015-08-25 21:44:41",,master,,"Gold Key Hotels & Resorts","300 32nd Street",,"Virgina Beach",VA,23451,17,8,2015,1,10,2015,1000,"Virginia Beach",VA,Stacey,,Rouse,7572134344,N,N,Y,N,N,N,2,,,
603,"2015-08-27 19:55:48","2015-08-27 19:55:48",,master,,"The Wilburn Company ","1041 W. Nursery Road, Ste. 2A",,"Linthicum ",MD,21090,13,8,2015,30,9,2015,108,Springfield,VA,Rick,,Keyser,4107893320,N,N,Y,N,N,N,3,,,
601,"2015-07-31 20:31:30","2015-07-31 20:31:30",,master,,"Printpack, Inc. ","2800 Overlook Parkway ",,Atlanta,GA,30339,31,7,2015,2,10,2015,155,Fredericksburg,VA,David,,Benedict,4044607650,N,N,N,Y,N,N,2,,,
600,"2015-07-30 20:46:23","2015-07-30 20:46:23",,master,,"Raytheon "," 870 Winter Street",,"Waltham ",MA,2451,29,7,2015,30,9,2015,54,Springfield,VA,Christina,Stol,,7208585266,N,N,N,N,Y,N,3,,,
599,"2015-07-28 12:59:30","2015-07-28 12:59:30",,master,,"Hertz Transporting Inc.","14501 Hertz Quail Springs Parkway",,"Oklahoma City ",OK,73134,21,7,2015,25,9,2015,116,"Arlington ",VA,Kristen,Hook,,2154927245,N,Y,N,N,N,N,3,,,
598,"2015-07-15 18:24:47","2015-07-15 18:24:47",,master,,"NADA Retirement Administrators, Inc.","8400 Westpark Drive",,McLean,VA,22102,15,7,2015,15,9,2015,67,McLean,VA,Claudia,,Kropf,7038214655,N,Y,N,N,N,N,3,,,
597,"2015-07-08 20:50:31","2015-07-08 20:50:31",,master,,"Alpha Natural Resources",5703,,Norton,VA,24273,8,7,2015,6,9,2015,165,Appalachia,VA,Rhonda,,Hodges,2766797020,N,Y,N,N,N,N,4,,,
