notice_id,created,modified,importedcombo,type,ms_notice_id,c_name,c_address1,c_address2,c_city,c_state,c_zip,notice_d,notice_m,notice_y,impact_d,impact_m,impact_y,employees,l_city,l_state,cp_fname,cp_mname,cp_lname,cp_phone,realignment,layoff,masslayoff,closure,permreduction,applied,region,union_contact_nm,union_contact_ph,col_bar_ut
464,"2013-07-02 16:58:39","2013-07-02 16:59:09",,master,,"Schmitt E.G., Inc. ","251 Boston Post Road","P.O. Box 448                            ",Guilford,CT,0,28,6,2013,3,9,2013,87,Sandston,VA,"J. Phillip","    ",Smyth,2034534334,N,N,Y,N,N,N,1,,,
463,"2013-07-02 16:54:45","2013-07-02 16:55:02",,master,,"The Boeing Company","P.O. Box 3707","                     ",Seattle,WA,98124,21,6,2013,23,8,2013,5,Fairfaix,VA,"Carol ","   ",Luft,2066626336,N,N,Y,N,N,N,3,,,
462,"2013-06-17 15:55:06","2013-06-17 15:55:06",,master,,"Smithfield Packaging Company, Inc.","601 N. Church Street","                                                ",SmithField,VA,23430,17,6,2013,16,8,2013,122,Portsmouth,VA,"Richard ","    ",Dean,7574051130,N,N,Y,N,N,N,2,,,
460,"2013-06-12 11:47:59","2013-06-12 11:47:59",,master,,"Shenandoah's Pride","5325 Port Royal Road","                                      ",Springfield,VA,0,12,6,2013,12,8,2013,110,Springfield,VA,"Ashley ","   ",Stevenson,7033219500,N,N,Y,N,N,N,3,,,
461,"2013-06-12 11:56:29","2013-06-12 11:56:29",,master,,"JPMorgan Chase & Co.","36 East Midland Avenue","Floor 01",Paramus,NJ,7652,6,6,2013,6,7,2013,84,"Falls Church",VA,Caren,"S. ",Feldman,2015996647,N,N,Y,N,N,N,3,,,
459,"2013-06-10 17:11:40","2013-06-10 17:11:40",,master,,"AARP ","601 E Street, NW","                          ",Washington,DC,0,5,6,2013,2,8,2013,18,Lorton,VA,John,W,Sigmon,2024342856,N,N,Y,N,N,N,3,,,
454,"2013-05-29 15:08:17","2013-05-29 15:08:17",,master,,"Bechtel Infrastruture Corporation","12011 Sunset Hills Road","                                    ",Reston,VA,0,25,5,2013,26,7,2013,117,Vienna,VA,Tracy,"   ",Moravek,5713923454,N,N,Y,N,N,N,3,,,
455,"2013-05-30 14:37:29","2013-05-30 14:37:29",,master,,"Northrop Grumman Technical Services, Inc.","2411 Dulles Corner Park","                                       ",Herndon,VA,0,24,5,2013,22,7,2013,56,"Virginia Beach",VA,"Wes ","   ",Jarmulowicz,7574220724,N,N,Y,N,N,N,2,,,
450,"2013-05-16 16:32:13","2013-05-16 16:42:10",,master,,Comcast,"11101 University Blvd","                         ",Manassas,VA,20110,16,5,2013,16,7,2013,159,"Prince William",VA,"Donna ","    ",Rattly,2026355509,N,N,Y,N,N,N,3,,,
451,"2013-05-16 16:41:25","2013-07-09 11:02:15",,master,,"Comcast ","5401 Staples Mill Road","                             ",Henrico,VA,0,16,5,2013,7,9,2013,53,Henrico,VA,"Donna ","    ",Rattley,2026355509,N,N,Y,N,N,N,1,,,
449,"2013-05-15 17:05:13","2013-05-15 17:05:13",,master,,"Chenega Aerospace, LLC","3000 C Street","Suite 301",Anchorage,AR,99503,15,5,2013,15,7,2013,9,"Front Royal",VA,Melissa,"    ",Boone,7038222872,N,N,Y,N,N,N,3,,,
452,"2013-05-17 16:01:59","2013-05-17 16:01:59",,master,,"Chenega Integrated Ssystems, LLC","1990 Highland Vista Drive","Suite 100                               ",Ashburn,VA,20147,15,5,2013,15,7,2013,55,Winchester,VA,"Sue ","    ",Lang,5712917618,N,N,Y,N,N,N,3,,,
448,"2013-05-13 10:44:58","2013-05-13 10:44:58",,master,,"Liberty Medical Supply","2157 Apperson Drive","                      ",Salem,VA,0,10,5,2013,8,7,2013,18,Salem,VA,Lorri,"    ",Newman,5404441111,N,N,Y,N,N,N,4,,,
446,"2013-05-01 15:27:39","2013-05-01 15:31:35",,master,,"Stage Stores","10201 Main Street  ","                                 ","    Houston",TX,77025,30,4,2013,3,5,2013,112,"Sout Hill",VA,Gina,"    ",Fisher,7136692691,N,N,Y,N,N,N,1,,,
444,"2013-04-26 16:35:27","2013-04-26 16:35:27",,master,,Akima/DTSV,"1600 Thimble Shoals Blvd","Suite 101","Newport News",VA,0,26,4,2013,30,6,2013,324,Alexandria,VA,Will,"    ",David,7578730725,N,N,Y,N,N,N,3,,,
445,"2013-04-26 16:42:27","2013-05-01 15:41:23",,master,,"Chatwells School Dining Services","Spotsylvania Public Schools","8020 Riverstone Drive                    ",Fredericksburg,VA,22407,23,4,2013,6,6,2013,120,"Spotsylvania County",VA,"Rose ","   ",Mallasch,5405827484,N,N,Y,N,N,N,3,,,
443,"2013-04-18 16:09:20","2013-04-18 16:09:20",,master,,"MV Transportation, Inc.","5910 N. Central Expressway","Suite 1145",Dallas,TX,0,12,4,2013,13,6,2013,110,Chantilly,VA,Donna,"    ",Snowden,3012768206,N,N,Y,N,N,N,3,,,
441,"2013-04-03 16:22:56","2013-04-09 09:55:01",,master,,"Northrop Grumman, Information Systems, Intelligence Systems Division ","12011 Sunset Hills Road                           ","    ",Reston,VA,20190,0,4,2013,31,5,2013,10,Reston,VA,Janelle,"   ",Snavely,7038186062,N,N,Y,N,N,N,3,,,
442,"2013-04-03 16:27:58","2013-04-03 16:27:58",,master,,"Lockheed Martin","1408 Stephanie Way","                                          ",Chesapeake,VA,23320,28,3,2013,31,5,2013,59,"Suffolk & Virginia Beach",VA,Linda,"    ",Lacy,7577697523,N,N,Y,N,N,N,2,,,
439,"2013-03-25 14:36:26","2013-03-25 14:36:26",,master,,"SAIC ","6565 Arlington Blvd.",,"Falls Church",VA,22042,22,3,2013,22,5,2013,150,"Falls Church",VA,"Mark ",,Escobar,7032926411,N,N,N,N,Y,N,3,,,
440,"2013-03-26 14:29:35","2013-03-26 14:29:35",,master,,"1859 Historic Hotels, Ltd. (Williamsburg Hospitality House)","P.O. Box 59","                              ",Galveston,TX,77553,22,3,2013,21,5,2013,110,Williamsburg,VA,Eugene,"    ",Lucas,4097638536,N,N,Y,N,N,N,2,,,
437,"2013-03-19 14:58:03","2014-01-22 14:19:06",,master,,"Kroger Food Stores","P.O. Box 14002",,Roanoke,VA,24038,19,3,2013,21,5,2013,80,Farmville,VA,"Michael ",,Christle,5405613323,N,N,Y,N,N,N,2,,,
438,"2013-03-20 12:38:49","2013-03-20 14:24:53",,master,,"The Examiner","Clarity Media Group","555 17th St., Suite 700",Denver,CO,80202,19,3,2013,14,6,2013,65,Springfield,VA,Katherine,,Florman,3032041083,N,N,Y,N,N,N,3,,,
436,"2013-03-14 17:24:07","2013-03-14 17:24:07",,master,,TRI-ARK,"1230 Old York Road","Suite 201",Warminister,PA,0,11,3,2013,30,4,2013,80,Arlington,VA,"Joy ",,Ciocca,2154411216,N,N,Y,N,N,N,3,,,
434,"2013-03-13 17:06:47","2013-05-15 17:02:30",,master,,"OMNISEC International Security Services, INC.","14151 Park Meadow Drive","Suite 300",Arlington,VA,20151,8,3,2013,9,5,2013,99,Arlington,VA,Kelly,,Grems,7036523260,N,N,Y,N,N,N,3,,,
433,"2013-03-13 16:48:17","2013-03-13 16:53:52",,master,,INOVA,"8110 Gatehouse Road","Suite 200 W","Falls Church",VA,22042,7,3,2013,12,5,2013,438,"Falls Church",VA,Angela,,Mannino,7032052154,N,N,Y,N,N,N,3,,,
430,"2013-03-07 17:11:33","2013-03-07 17:14:58",,master,,"SERCO Inc.*","1818 Library Street","Suite 1000",Reston,VA,20190,6,3,2013,0,0,2013,216,Chesapeake,VA,"Tammy ",M.,Johnson,7039396000,N,N,Y,N,N,N,2,,,
431,"2013-03-07 17:14:24","2013-03-07 17:15:06",,master,,"SERCO Inc.*","1818 Library Street","Suite 1000",Reston,VA,0,6,3,2013,0,0,2013,75,Harrisonburg,VA,Tammy,M.,Johnson,7039396000,N,N,Y,N,N,N,3,,,
432,"2013-03-07 17:18:16","2013-03-07 17:18:16",,master,,"Advanced Federal ","250 Sun Temple Drive",,Madison,AL,35758,1,3,2013,30,4,2013,72,"Fort Eustis",VA,Elea,,Hanks,2567727795,N,N,Y,N,N,N,2,,,
428,"2013-03-01 12:11:46","2013-03-01 13:09:47",,master,,"BAE Systems Norfolk Ship Repair, Inc.*","750 West Berkley Ave.",,Norfolk,VA,23523,22,2,2013,0,0,2013,0,Norfolk,VA,Sandy,,Kight,7574944128,N,N,Y,N,N,N,2,,,
429,"2013-03-01 12:22:19","2013-03-01 13:09:56",,master,,"NSC Technologies Worldwide*","660 Mt. Vernon Ave.",,Portsmouth,VA,23707,22,2,2013,0,0,2013,0,Portsmouth,VA,Debra,,Zartman,7573991738,N,N,Y,N,N,N,2,,,
426,"2013-02-21 17:00:09","2013-02-21 17:00:09",,master,,"Stage Stores (Peebles)","One Peebles Street",,"South Hill",VA,23970,20,2,2013,1,5,2013,50,"South Hill",VA,"Gina ",,Fisher,7136692691,N,N,N,N,Y,N,1,,,
425,"2013-02-19 10:01:27","2013-02-19 10:01:27",,master,,"Advanced Federal Services Corporation","250 Sun Temple Drive",,Madison,AL,35758,15,2,2013,28,3,2013,96,"Fort Lee",VA,Elea,,Hanks,2567727795,N,Y,N,N,N,N,1,,,
421,"2013-02-11 16:52:25","2013-02-11 16:53:58",,master,,"SunCoke Energy, Inc. (Jewell Coal Mine)","P.O. Box 70",,Vansant,VA,24656,8,2,2013,9,2,2013,51,Oakwood,VA,"Sue ",,Mullins,2769353648,N,N,N,Y,N,N,4,,,
422,"2013-02-11 16:58:19","2013-02-11 16:58:19",,master,,"Alpha Natural Resources (Mill Branch Coal Corp)","P.O. Box 2560",,Wise,VA,24293,8,2,2013,9,4,2013,102,Appalachia,VA,Rhonda,,Dotson,2766790804,N,N,N,Y,N,N,4,,,
423,"2013-02-11 17:02:36","2013-02-11 17:02:36",,master,,"Alpha Natural Resources (Paramont Coal Company Virginia, LLC)","P.O. Box 2560",,Wise,VA,24293,8,2,2013,9,4,2013,84,McFall,VA,Rhonda,,Dotson,2766790804,N,N,N,Y,N,N,4,,,
424,"2013-02-12 17:13:56","2013-02-12 17:13:56",,master,,HSBC,"P.O. Box 2013",,Buffalo,NY,14240,7,2,2013,12,4,2013,164,Chesapeake,VA,Hiram,S,Givens,7168417773,N,N,N,Y,N,N,2,,,
419,"2013-01-30 16:25:57","2013-04-26 16:51:52",,master,,"NRG Energy ","211 Carnegie Center",,Princeton,NJ,8540,1,2,2013,1,2,2013,11,Alexandria,VA,"Adam ",,Mosley,3019559067,N,N,N,Y,N,N,3,,,
417,"2013-01-29 11:30:33","2013-01-29 11:30:33",,master,,Serco,"1818 Library Street, Suite 1000",,Reston,VA,20190,25,1,2013,1,4,2013,82,Merrifield,VA,Tony,,Kuester,7039396635,N,N,Y,N,N,N,3,,,
416,"2013-01-14 17:40:08","2013-01-14 17:40:08",,master,,"International Veneer Company, Inc.","1551 Montgomery Street",,"South Hill ",VA,23970,14,1,2013,15,3,2013,100,"South Hill",VA,Tyler,,Howerton,4344477100,N,Y,N,N,N,N,1,,,
414,"2013-01-08 15:16:07","2013-05-13 10:42:11",,master,,"Liberty Medical Supply","2157 Apperson Drive",,Salem,VA,24153,7,1,2013,16,2,2013,186,Salem,VA,Danielle,,Veltre,7723374944,N,N,Y,N,N,N,4,,,
413,"2013-01-08 15:07:52","2013-01-08 15:47:49",,master,,"Home Care Industries, Inc. ","350 Golden Eagle Drive",,LaCrosse,VA,23950,2,1,2013,2,1,2013,113,LaCrosse,VA,Christine,,Watson,4347572115,N,N,N,Y,N,N,1,,,
415,"2013-01-08 15:24:06","2013-02-11 17:06:10",,master,,"URS Federal Services","4800 Westfields Blvd",,Chantilly,VA,20151,2,1,2013,7,2,2013,24,"Falls Church",VA,Cetta,,Flosi,7035796229,N,N,N,N,Y,N,3,,,
418,"2013-01-29 11:36:27","2013-01-29 11:36:27",,master,,"Archstone ","9200 East Panorama Circle","suite 400",Englewood,VA,80112,22,12,2012,25,2,2013,69,Alexandria,VA,"Jeanne ",,Lynch,3037086952,N,Y,N,N,N,N,3,,,
412,"2013-01-04 12:43:06","2013-01-08 15:49:44",,master,,"American Management Services (Pinnacle)","2801 Alaskan Way, Suite 200",,Seattle,WA,98121,21,12,2012,14,12,2012,66,"Fort Belvoir (Fairfax County)",VA,"M. Scott",,Orrantia,9493220558,N,N,N,Y,N,N,3,,,
411,"2012-12-18 15:21:36","2012-12-18 15:21:36",,master,,"General Dynamics Information Technology, Inc.","3211 Jermantown Rd.",,Fairfax,VA,22030,17,12,2012,28,2,2013,84,Charlottesville,VA,"Ann ",Mac,Cox,7039953753,N,N,N,N,Y,N,3,,,
410,"2012-12-14 17:22:48","2012-12-17 16:23:50",,master,,"Mundy Support Services LLC","11150 South Wilcrest Drive","P.O. Box 721601",Houston,TX,77272,13,12,2012,2,1,2013,124,Narrows,VA,Ralph,A,Beard,2815308711,N,Y,N,N,N,N,4,,,
409,"2012-12-04 11:57:18","2012-12-04 11:57:18",,master,,"CDI Marine Company","5700 Ward Avenue",,"Virginia Beach",VA,23455,3,12,2012,31,1,2012,55,Portsmouth,VA,Luisa-Mari,G,Lozano,7576481774,N,Y,N,N,N,N,2,,,
406,"2012-11-19 17:10:25","2012-11-19 17:10:25",,master,,"Masco Cabinetry","686 Mulberry Lane",,Atkins,VA,24311,15,11,2012,14,1,2013,280,Atkins,VA,"Barry ",,Loupe,2767824507,N,N,N,Y,N,N,4,,,
408,"2012-11-19 17:36:12","2012-11-19 17:36:42",,master,,Sears,"Tucker HR Support Center","PO Box 2945",Omaha,NE,68103,15,11,2012,15,1,2013,5,Lynchburg,VA,Pam,,Ballstee,8472864755,N,Y,N,N,N,N,1,,,
405,"2012-11-13 16:57:03","2013-04-18 15:41:37",,master,,Smithfield,"601 North Church Street",,Smithfield,VA,23430,12,11,2012,30,4,2013,388,Portsmouth,VA,"Richard ",,Dean,7574051130,N,N,N,Y,N,N,2,,,
399,"2012-11-05 11:41:16","2012-11-08 10:11:41",,master,,JELD-WEN-rescinded,"3250 Lakeport Blvd",,"Klamath Falls",VA,97601,6,11,2012,31,12,2012,138,Christianburg,VA,Boyd,,Rogers,5418502618,N,N,N,Y,N,N,4,,,
403,"2012-11-07 16:42:15","2012-11-07 16:49:15",,master,,Target,"13301 Gateway Center Drive",,Gainesville,VA,20155,5,11,2012,2,2,2013,80,Manasas,VA,"Kristen ",,Maskell,5712614340,N,N,N,Y,N,N,3,,,
401,"2012-11-05 11:53:00","2012-11-05 13:02:11",,master,,"AGA Service Company dba Allianz Global Assistance","2805 North Parham Road",,Richmond,VA,23294,1,11,2012,4,1,2013,139,Richmond,VA,"Gina ",,Prettitore-Austin,8046731564,N,N,N,Y,N,N,1,,,
402,"2012-11-05 12:02:12","2012-11-05 12:02:12",,master,,SAIC,"Science Application International Corporation","11251 roger Bacon Drive",Reston,VA,20190,1,11,2012,28,12,2012,80,Charlottesville,VA,Deborah,,Drake,7033184619,N,Y,N,N,N,N,3,,,
400,"2012-11-05 11:45:01","2012-11-05 11:45:01",,master,,DuPont,"5200 DuPont Site Road",,Richmond,VA,23234,30,10,2012,31,12,2012,64,"Chesterfield County",VA,Rebecca,,White,8043832106,N,Y,N,N,N,N,1,,,
397,"2012-11-05 11:27:49","2012-11-05 11:27:49",,master,,Henkel-Harris,"P.O. Box 2170",,Winchester,VA,22604,29,10,2012,31,12,2013,122,Winchester,VA,"Brian ",,Baldwin,5406674900,N,N,N,Y,N,N,3,,,
398,"2012-11-05 11:35:26","2012-11-05 11:35:26",,master,,"SRA International, Inc.","4350 Fair Lakes Court",,Fairfax,VA,22033,29,10,2012,1,1,2013,222,Arlington,VA,"Scott ",,Johnson,7033224991,N,Y,N,N,N,N,3,,,
404,"2012-11-13 16:50:57","2012-11-13 17:01:21",,master,,Wyle,"Science Technology & Engineering Group","1290 Hercules Avenue",Houston,TX,77058,26,10,2012,0,0,0,60,McLean,VA,Roger,,Walter,2812041653,N,Y,N,N,N,N,3,,,
396,"2012-11-05 11:07:33","2012-11-05 11:07:33",,master,,SEARS,"Tucker HR Support Center","P.O. Box 2945",Omaha,NE,68103,23,10,2012,23,1,2013,71,Lynchburg,VA,Steve,,Schumacher,8472862500,N,Y,N,N,N,N,1,,,
395,"2012-10-15 17:40:12","2012-10-18 09:31:48",,master,,"Strayer University","2303 Dulles Station Blvd","6th Floor",Herndon,VA,20171,15,10,2012,14,12,2012,61,Chantilly,VA,"Brian ",W,Jones,7032472516,N,N,N,Y,N,N,3,,,
394,"2012-10-15 17:36:39","2013-01-29 11:43:22",,master,,"Kurz-Kasch, Inc.","1222 Seymour Drive",,"South Boston",VA,24592,11,10,2012,1,2,2013,59,"South Boston",VA,"Cathy ",,Womack,4345757911,N,N,N,Y,N,N,1,,,
393,"2012-10-15 10:55:23","2013-02-11 17:03:51",,master,,"Money Mailer, LLC","12131 Western Avenue",,"Garden Grove",CA,92841,8,10,2012,5,3,2013,72,Franklin,VA,Jeanne,,Stanley,7148893804,N,N,N,Y,N,N,2,,,
392,"2012-10-05 16:45:06","2012-10-05 16:45:06",,master,,"BAE Systems Technology Solutions & Services Inc.","6 Manhattan Square","Suite 200",Hampton,VA,23666,5,10,2012,26,10,2012,77,"Newport News",VA,"Charles ",,Broach,7574944845,N,Y,N,N,N,N,2,,,
391,"2012-10-05 09:18:32","2012-10-05 09:18:32",,master,,"ARAMARK Sports and Entertainment Services, LLC","Shenandoah National Park Operations","26 North Broad Street",Luray,VA,22835,2,10,2012,31,12,2012,228,Luray,VA,Patrick,,McKeown,5408432117,N,N,N,Y,N,N,3,,,
387,"2012-09-18 16:25:26","2012-09-18 16:25:26",,master,,"Alpha Natural Resources","5703 Crutchfield Drive",,Norton,VA,24273,18,9,2012,17,11,2012,110,Appalachia,VA,Gary,,Duncan,2766797020,N,N,Y,N,N,N,4,,,
386,"2012-09-18 16:18:58","2012-09-18 16:18:58",,master,,"American Airlines","4333 Amon Carter Blvd. MD 5256",,"Fort Worth ",TX,76155,17,9,2012,16,11,2012,48,Chantilly,VA,Tiffany,,Schildge,8179637684,N,Y,N,N,N,N,3,,,
470,"2013-09-19 09:39:52","2013-09-19 09:39:52",,master,,Flour,"100 Fluor Daniel Manager","                                      ",Greenville,SC,29607,12,9,2012,6,10,2013,184,Richmond,VA,David,"    ",Bright,8645713026,N,N,Y,N,N,N,1,,,
375,"2012-08-07 10:32:49","2012-09-06 16:39:26",,master,,GenOn,"1000 Main Stret",,Houston,TX,77002,6,9,2012,8,10,2012,49,Alexandria,VA,"Adama ",,Mosely,3019559067,N,N,N,Y,N,N,3,,,
385,"2012-09-14 15:17:44","2012-09-14 15:17:44",,master,,URS,"2701 Liberty Parkway","Suite 304","Midwest City",OK,73110,6,9,2012,31,10,2012,204,"Virginia Beach",VA,"Brittne ",,Bailey,5124196515,N,Y,N,N,N,N,2,,,
382,"2012-08-24 17:00:55","2012-08-24 17:00:55",,master,,"Aer Lingus","300 Jericho Quadrangle, Suite 130",,Jericho,NY,11753,24,8,2012,30,10,2012,62,"Dulles ",VA,Jack,,Foley,5166224040,N,N,Y,N,N,N,3,,,
384,"2012-08-28 16:53:20","2012-08-28 16:53:20",,master,,"Regional Elite","7500 Airline Drive",,Minneapolis,MN,55450,24,8,2012,30,10,2012,38,Roanoke,VA,Jannie,,Guzick,6122665203,N,N,N,Y,N,N,4,,,
383,"2012-08-28 16:51:09","2012-08-28 16:53:36",,master,,"General Dynamics Land Systems","38500 Mound Road",,"Sterling Heights",MI,48310,23,8,2012,1,10,2012,44,Woodbridge,VA,Linda,T,Damer,5868257071,N,N,Y,N,N,N,3,,,
370,"2012-07-02 16:37:39","2012-08-13 11:33:32",,master,,"Federal Mogul","2410 Papermill Road",,Winchester,VA,22601,10,8,2012,12,10,2012,129,Winchester,VA,Cynthia,,Edmundson,5406652298,N,N,N,Y,N,N,3,,,
381,"2012-08-09 15:11:07","2012-08-09 15:11:07",,master,,"Dove Vinyl Windows","767 Sans Souci Parkway",,Wikes-Barre,PA,18706,8,8,2012,13,8,2012,52,Dublin,VA,"Daniel ",,Monek,2153351050,N,N,N,Y,N,N,4,,,
373,"2012-08-06 12:24:39","2012-08-06 12:24:39",,master,,"Masterbrand Cabinets, Inc.","P.O. Box 420","One MasterBrand Cabinets Drive",Jasper,IN,47547,3,8,2012,10,8,2012,345,Martinsville,VA,"Robert ",,Jacobs,8126340162,N,N,N,Y,N,N,4,,,
376,"2012-08-07 10:36:40","2012-08-07 10:36:40",,master,,"G4S Government Solutionas , Inc.","7121 Fairway Drive, Suite 301",,"Palm Beach Gardens",FL,33418,2,8,2012,30,9,2012,98,"Fort Belvoir",VA,"Paul ",,Cottle,8003255432,N,Y,N,N,N,N,3,,,
377,"2012-08-07 10:38:57","2012-08-07 10:38:57",,master,,"G4S Govenment Solutions, Inc.","7121 Fairway Drive, Suite 301",,"Palm Beach",FL,33418,2,8,2012,30,9,2012,68,"Fort Lee",VA,"Paul ",,Cottle,8003255432,N,Y,N,N,N,N,1,,,
380,"2012-08-07 10:51:23","2012-08-07 10:51:23",,master,,"Golden Living","1000 Fianna Way",,"Fort Smith",AR,72921,30,7,2012,2,10,2012,42,Richmond,VA,Pat,,Powell,4792012000,N,N,N,Y,N,N,0,,,
372,"2012-07-26 16:56:33","2012-07-26 16:56:33",,master,,"BAE Systems Technology Solutions & Services Inc.","6 Manhattan Square","Suite 200",Hampton,VA,23666,24,7,2012,27,8,2012,76,"Newport News",VA,"Rene' ",,Gilliam,7578653845,N,Y,N,N,N,N,2,,,
