notice_id,created,modified,importedcombo,type,ms_notice_id,c_name,c_address1,c_address2,c_city,c_state,c_zip,notice_d,notice_m,notice_y,impact_d,impact_m,impact_y,employees,l_city,l_state,cp_fname,cp_mname,cp_lname,cp_phone,realignment,layoff,masslayoff,closure,permreduction,applied,region,union_contact_nm,union_contact_ph,col_bar_ut
529,"2014-06-26 11:44:10","2014-06-26 11:44:10",,master,,"Dickenson-Russell Coal Company, LLC","7546 Gravel Lick Road","                                     ",Cleveland,VA,24225,26,6,2014,25,8,2014,121,Haysi,VA,Dedra,"    ",Helbert,2768896100,N,N,Y,Y,N,N,4,,,
544,"2014-08-13 21:28:20","2014-08-13 21:28:20",,master,,"Harris IT Services","447873 Falcon Place","Suite 150",Sterling,VA,20166,26,6,2014,29,8,2014,53,Sterling,VA,Charlene,"    ",Collier,5714319345,N,Y,N,N,N,N,3,,,
528,"2014-06-24 10:12:48","2014-06-24 11:11:43",,master,,"AMACD American Cadastre, LLC","13650 Dulles Technology Drive","Suite 400",Herndon,VA,20171,23,6,2014,23,6,2014,63,Herndon,VA,"Jim ","    ",Harriot,7037877775,N,N,Y,N,N,N,3,,,
532,"2014-07-02 17:23:58","2014-07-02 17:23:58",,master,,"Wolff Fording & Company","2220 East Main Street","                                ",Richmond,VA,23223,23,6,2014,23,6,2014,118,Richmond,VA,Richard,"   ",Shuster,8046482423,N,N,N,Y,N,N,1,,,
526,"2014-06-12 16:57:16","2014-06-12 16:57:16",,master,,"Jacobs Technology Inc., Advanced Systems Group","1020 Titan Court","                                         ","Fort Walton Beach",FL,32547,2,6,2014,28,6,2014,84,Dumfries,VA,"Eric ","    ",Rolaf,7032216694,N,Y,N,N,N,N,3,,,
527,"2014-06-12 17:04:28","2014-06-12 17:04:28",,master,,"HMS Host","Dulles International Airport","P.O. Box 16316",Washington,DC,20041,2,6,2014,7,8,2014,67,Fairfaix,VA,Andrea,"   ",Parker,7035724609,N,N,Y,N,N,N,3,,,
524,"2014-05-30 16:19:58","2014-05-30 16:19:58",,master,,"Carl Zeiss Vision, Inc.","12121 Scripps Summit Drive","Suite 400                                  ","San Diego",CA,92131,29,5,2014,29,7,2014,73,Chester,VA,Angela,"    ",Chow,8587900836,N,Y,N,N,N,N,1,,,
525,"2014-06-05 16:59:27","2014-06-05 16:59:27",,master,,"Electronic Arts Inc.","209 Redwood Shores Parkway",,"Redwood City",CA,94065,29,5,2014,28,7,2014,69,Fairfax,VA,"Gabrielle ",,Toledano,6506282768,N,N,N,Y,N,N,3,,,
522,"2014-05-23 14:33:25","2014-05-23 14:33:25",,master,,"Bank of America","1455 Pennsylvania Ave., NW","9th Floor, Suite 950",Washington,DC,20004,22,5,2014,20,7,2014,5,Richmond,VA,"John ","    ",Collingwood,2026617130,N,N,N,N,Y,N,1,,,
521,"2014-05-20 17:18:08","2014-05-21 13:51:04",,master,,Sodexo,"8004 Fishburn Drive","                                       ",Roanoke,VA,24019,19,5,2014,6,7,2014,45,Roanoke,VA,Helen,"   ",Cox,3866904566,N,N,N,Y,N,N,4,,,
520,"2014-05-14 11:19:53","2014-05-14 11:19:53",,master,,"U.S. Aviation Services Corp.","1550 S. Indiana Avenue","Suite 300",Chicago,IL,60605,13,5,2014,15,7,2014,213,Sterling,VA,Miguel,"A. ",Perez,8002488558,N,N,Y,N,N,N,3,,,
518,"2014-05-08 09:15:58","2014-05-08 09:15:58",,master,,"Cox Communications"," 1341 Crossways Blvd","                             ",Chesapeake,VA,23320,7,5,2014,6,7,2014,172,Cheseapeake,VA,"Dan ","    ",Urig,7572228803,N,Y,N,N,N,N,2,,,
516,"2014-05-05 16:04:55","2014-05-05 16:04:55",,master,,"Northrop Grumman Coporation","2411 Dulles Corner Park",,Herndon,VA,20171,5,5,2014,22,7,2014,57,"Virginia Beach",VA,Wes,,Jarmulowicz,7574177832,N,Y,N,N,N,N,2,,,
517,"2014-05-05 16:25:35","2014-05-05 16:25:35",,master,,"Caterpillar Global Mining America, LLC","6744 Howell Avenue",,"Oak Creek ",WI,53154,2,5,2014,1,7,2014,180,Pulaski,VA,"Jennifer ",,Wick,4143018326,N,N,N,Y,N,N,4,,,
519,"2014-05-09 08:51:02","2014-05-09 08:51:02",,master,,"Community Development Institute Head Start (CDI HS)","PO Box 12638","3500 Virginia Beach Blvd, Suite 308","Virginia Beach",VA,23452,30,4,2014,1,7,2014,63,"Virginia Beach ",VA,Kenneth,J.,Wolfe,2024019215,N,Y,N,N,N,N,2,,,
515,"2014-05-05 15:59:49","2014-05-05 15:59:49",,master,,"Caterpillar Global Mining America, LLC","6744 Howell Avenue",,"Oak Creek ",WI,53154,29,4,2014,30,6,2014,45,Pearisburg,VA,"Jennifer ",,Wick,4143018326,N,N,N,Y,N,N,4,,,
514,"2014-04-29 16:57:27","2014-04-29 16:57:27",,master,,"Med-Fit Systems, Inc.","709 Powerhouse Road","PO Box 708","Independence ",VA,24348,18,4,2014,21,4,2014,61,Independence,VA,Dean,"    ",Sbragia,0,N,N,Y,N,N,N,4,,,
500,"2014-02-27 11:22:11","2014-04-22 12:16:02",,master,,"Reinhart Foodservices","100 Harborview Plaza","                                 ","La Crosse",WI,54601,14,4,2014,8,6,2014,46,"Prince George",VA,"Ian ","   ",Walker,6087939223,N,Y,N,N,N,N,1,,,
513,"2014-04-17 17:25:30","2014-04-17 17:25:53",,master,,"B&W mPower","11525 N. Community House Road","Suite 600",Charlotte,NC,28277,14,4,2014,16,6,2014,211,Lynchburg,VA,James,D.,Canafax,7046254800,N,N,Y,N,N,N,1,,,
512,"2014-04-01 14:34:07","2014-04-01 14:37:20",,master,,"American Eagle","1 Aviation Circle",,Washington,DC,20001,31,3,2014,4,6,2014,62,Washington,DC,Carole,,Vickerman,8179679633,N,N,N,N,Y,N,3,,,
509,"2014-03-21 08:54:10","2014-03-21 09:03:54",,master,,NIITEK,"23031 Ladbrook Drive                          ","                                     ",Dulles,VA,20166,19,3,2014,23,5,2014,78,Charlottesville,VA,"Christine ","    ",Collins,7036610283,N,N,N,N,Y,N,3,,,
511,"2014-03-25 08:38:22","2014-03-25 08:38:22",,master,,"DynCorp International","1700 Old Meadow Road","                                     ",McLean,VA,22102,19,3,2014,30,4,2014,73,Portsmouth,VA,Trevor,"   ",Martin,7034627250,N,Y,N,N,Y,N,2,,,
508,"2014-03-21 08:51:09","2014-03-21 08:51:09",,master,,Aramark,"2300 Warrenville Road","                                         ","Downers Grove",IL,60515,17,3,2014,16,5,2014,197,Leesburg,VA,Danilia,"    ",Mayer,6302712303,N,N,N,N,Y,N,3,,,
510,"2014-03-21 08:59:09","2014-04-14 09:20:12",,master,,"STEPS, Inc.","225 Industrial Park Road","                                       ",Farmville,VA,23901,13,3,2014,1,6,2014,110,Lunenburg,VA,"Cynthia ",,Saunders,4343155909,N,Y,N,N,N,N,1,,,
506,"2014-03-12 16:21:57","2014-03-12 16:21:57",,master,,"Union First Market Bank ","P.O. Box 940","24010 Partnership Blvd ","Ruther Glen",VA,22546,10,3,2014,9,5,2014,80,Christiansburg,VA,Tamika,"   ",Brewer,8046322113,N,N,N,N,Y,N,4,,,
503,"2014-03-07 12:30:53","2014-03-07 12:30:53",,master,,"Lockheed Martin Corporation Information Systems & Global Solutions","1725 Jefferson Davis Hwy","                      ",Arlington,VA,22202,7,3,2014,7,5,2014,165,"Arlington ",VA,"Tiffeny ","   ",Boone,7036952024,N,Y,N,N,N,N,3,,,
505,"2014-03-07 12:43:05","2014-03-07 12:43:05",,master,,"General Dynamics Information Technology, Inc.","3060 Williams Drive","Suite 100",Fairfax,VA,22031,6,3,2014,9,5,2014,344,Chester,VA,"Jennifer  ","   ",Bailey,7038522789,N,N,N,N,Y,N,1,,,
502,"2014-03-05 16:27:04","2014-03-05 16:27:04",,master,,"NCO Financial Systems, Inc.","4740 Baxter Road","                          ","Virginia Beach",VA,23462,5,3,2014,4,5,2014,107,"Virginia Beach",VA,Jackie,"   ",Tate,7576876731,N,N,Y,N,Y,N,2,,,
501,"2014-03-04 15:07:36","2014-03-04 15:07:36",,master,,"Child Care Aware of America","1515 N. Courthouse Road","11th Floor",Arlington,VA,22201,28,2,2014,1,5,2014,60,Arlington,VA,Leslie,,Jackson,5715273219,N,N,N,N,Y,N,3,,,
499,"2014-02-26 11:48:07","2014-03-10 14:09:40",,master,,"General Dynamics Information Technology","3120 Fairview Park Drive","Suite 100","Falls Church",VA,22042,25,2,2014,26,4,2014,110,Suffolk,VA,Barbara,"    ",Beaulieu,7574517884,N,Y,N,N,N,N,2,,,
498,"2014-02-25 17:10:38","2014-02-27 09:59:57",,master,,"The Commodore Corporation","1423 Lincolnway East","P.O. Box 577",Goshen,IN,46527,20,2,2014,16,4,2014,116,Danville,VA,Barry,S,Shein,5745337100,N,N,N,Y,N,N,4,,,
497,"2014-02-18 16:22:37","2014-02-18 16:22:37",,master,,"Coral Graphics","804 South Broadway",,Hicksville,VA,23219,17,2,2014,19,4,2014,100,Winchester,VA,Dana,M,Mingo,5165762100,Y,N,N,N,N,N,3,,,
494,"2014-01-28 14:26:33","2014-01-28 14:26:33",,master,,"Bank of America","1455 Pennsylvania Ave., NW","9th Floor Suite 950",Washington,DC,20004,24,1,2014,24,3,2014,79,Richmond,VA,"John ","    ",Collingwood,2026617130,N,Y,N,N,N,N,1,,,
495,"2014-01-28 14:33:57","2014-01-28 14:34:32",,master,,"Sheraton Crystal City Hotel","1800 Jefferson Davis Hwy","          ",Arlington,VA,22202,24,1,2014,12,4,2014,95,Arlington,VA,Juile,"    ","Cashin Yeung",7037693960,N,N,N,Y,N,N,3,,,
491,"2014-01-21 16:32:07","2014-01-21 16:32:07",,master,,"Kroger Food Stores","P.O BOX 14002",,Roanoke,VA,24038,17,1,2014,21,3,2014,98,Lynchburg,VA,Michael,,Christle,5405613323,N,N,N,Y,N,N,4,,,
492,"2014-01-22 14:27:28","2014-01-22 14:30:08",,master,,"Kroger Food Stores","P.O BOX 14002",,Roanoke,VA,24038,17,1,2014,21,3,2014,52,Galax,VA,Michael,,Christle,5405613323,N,N,N,Y,N,N,4,,,
488,"2014-01-16 16:05:32","2014-01-22 14:58:37",,master,,"JC Penney","880 N. Military Hwy","                               ",Norfolk,VA,23502,15,1,2014,3,5,2014,115,Norfolk,VA,"Lawrence ",O,Viands,9724312556,N,N,N,Y,N,N,2,,,
496,"2014-02-04 16:56:34","2014-02-04 16:56:34",,master,,"Aditya Birla Minacs","9950 Mayland Drive","                                    ",Henrico,VA,23233,28,0,2014,29,3,2014,172,Henrico,VA,Courtney,"   ",Hines,8042520188,N,N,Y,N,N,N,1,,,
487,"2013-12-20 11:52:06","2013-12-20 11:52:06",,master,,"Bostwick Laboratories","100 Charles Lindbargh Blvd","                                      ",Uniondale,NY,11553,12,12,2013,3,2,2014,44,"Glen Allen",NY,"Jerry ","   ",Diffley,5165125213,N,N,Y,Y,N,N,1,,,
475,"2013-10-01 12:39:47","2013-12-02 16:43:54",,master,,"SB Capital Acquisition, LLC (JC's 5 Outlet store)","4010 E. Fifth Avenue","                                    ",Columbus,OH,43219,25,11,2013,18,12,2013,31,Martinsville,VA,"Angela ","    ",Golden,6144496143,N,N,N,Y,N,N,4,,,
486,"2013-11-15 17:04:26","2013-11-15 17:05:21",,master,,"JELD-WEN, Inc.","3250 Lakeport Blvd.","                               ","Klamath Falls",OR,97601,12,11,2013,31,1,2013,109,Christianburg,VA,Eric," B.",Martin,5418502104,N,N,N,Y,N,N,4,,,
480,"2013-11-04 16:55:25","2013-11-04 16:55:25",,master,,"Mitsubishi Nuclear Energy Systems, Inc. (MNES)","11405 North Community House Rd. Ste 300","                                   ",Charlotte,NC,28277,31,10,2013,31,12,2013,15,Arlington,VA,"Rhonda ","    ",Bishop,7049452643,N,N,Y,N,N,N,3,,,
479,"2013-10-29 10:43:26","2013-10-29 10:43:26",,master,,"Boehringer Ingelheim","2820 North Normady Drive","P.O. Box 1658",Petersburg,VA,23805,28,10,2013,31,12,2013,63,Petersburg,VA,"Lisa ","    ",Salazar,8045048469,N,N,Y,N,N,N,1,,,
485,"2013-11-14 13:17:15","2013-11-14 13:17:15",,master,,"NRG Energy, Inc.","211 Carnegie Center","                                        ",Princeton,NJ,8540,21,10,2013,2,12,2013,4,Alexandria,VA,"Adama ","    ",Mosely,3019559067,N,N,N,Y,N,N,3,,,
478,"2013-10-09 14:10:55","2013-10-09 14:10:55",,master,,"Georgia-Pacific LLC","133 PeachTree Street NE","P.O. Box 105605",Atlanta,GA,30348,9,10,2013,8,12,2013,65,Jarratt,VA,"Theresa ","   ",Jenkins,2056561204,N,N,Y,N,N,N,1,,,
476,"2013-10-02 14:26:21","2013-10-02 14:26:21",,master,,"DNC Parks & Resorts at Peaks of Otter, Inc. ","P.O. Box 489","                                            ",Bedford,VA,24523,1,10,2013,1,10,2013,88,Bedford,VA,"Pam ","    ",Wightman,5408432117,N,N,Y,N,N,N,1,,,
477,"2013-10-02 15:07:30","2013-10-02 15:07:30",,master,,"DNC Parks & Resorts at Shenandoah, Inc.","P.O. Box 727","                                ",Luray,VA,22835,1,10,2013,1,10,2013,267,Luray,VA,Pam,"    ",Wightman,5408432117,N,N,Y,N,N,N,3,,,
473,"2013-10-01 12:34:59","2013-10-01 12:34:59",,master,,"Northrop Grumman, Information Systems Sector, Intelligence Systems Division","12011 Sunset Hills Rd","                                        ",Reston,VA,20190,30,9,2013,29,11,2013,52,Reston,VA,Kimberly,"    ",Sullivan,7033225124,N,N,Y,N,N,N,3,,,
472,"2013-10-01 12:30:31","2013-10-01 12:30:31",,master,,"Bostwick Laboratories","100 Charles Lindbergh Blvd","                                            ",Uniondale,NY,11553,25,9,2013,25,11,2013,34,"Glen Allen",VA,"Jerry ","    ",Diffley,5165125213,N,N,Y,N,N,N,1,,,
483,"2013-11-13 10:06:51","2013-11-13 10:06:51",,master,,"URS Corporation","277 Bendix Road","Suite 500","Virginia Beach ",VA,23452,19,9,2013,12,11,2013,16,Salem,VA,"Kristen ","    ",Early-Perez,6165748319,N,N,Y,N,N,N,4,,,
484,"2013-11-13 10:29:11","2013-11-13 10:29:11",,master,,"URS Corporation","277 Bendix Road","Suite 500","Virginia Beach",VA,23452,19,9,2013,5,12,2013,21,Chester,VA,Kristen,"    ",Early-Perez,616,N,N,Y,N,N,N,1,,,
481,"2013-11-13 09:49:08","2013-11-13 09:49:08",,master,,"URS Corporation","277 Bendix Road, Suite 500","                                   ","Virginia Beach",VA,23452,16,9,2013,13,11,2013,106,"Virginia Beach",VA,"Kristen ","    ",Early-Perez,616,N,N,Y,N,N,N,2,,,
482,"2013-11-13 10:02:05","2013-11-13 10:02:05",,master,,"URS Coporation","277 Bendix Road","Suite 500","Virginia Beach",VA,23452,16,9,2013,28,9,2013,15,Staunton,VA,Kristen,"    ",Early-Perez,616,N,N,Y,N,N,N,3,,,
471,"2013-09-19 11:47:03","2013-09-20 08:36:13",,master,,Fluor,"100 Fluor Drive","                                        ","Greenville ",SC,29607,12,9,2013,6,10,2013,184,Richmond,VA,David,"    ",Bright,8645173026,N,N,Y,N,N,N,1,,,
469,"2013-09-13 16:52:34","2013-09-13 16:52:34",,master,,"Lee Regional Medical Center","P.O. Box 589","127 Health Care Drive","Pennington Gap",VA,24277,11,9,2013,1,10,2013,137,"Pennington Gap",VA,Hamlin,"    ",Wilson,4232308205,N,N,Y,N,N,N,4,,,
468,"2013-09-12 15:50:33","2013-09-12 15:50:33",,master,,Grede,"1701 West Main Street","                                ",Radford,VA,24141,6,9,2013,31,12,2013,264,"Radford ",VA,Jeff,"    ",Hamley,5402302186,N,N,Y,N,N,N,4,,,
467,"2013-09-12 15:20:03","2013-09-13 08:27:54",,master,,Minova,"150 Carley Court","                                 ",Goergetown,KY,40324,5,9,2013,30,12,2013,65,Grundy,VA,Mathieu,"    ",Paquette,4505331323,N,N,Y,N,N,N,4,,,
466,"2013-09-12 15:12:13","2013-09-20 11:20:11",,master,,"Bank of America","1455 Pennsylvania Ave., NW","9th Floor, Suite 950",Washington,DC,20004,29,8,2013,31,10,2013,50,Fairfax,VA,John,"    ",Collingwood,2026617130,N,N,Y,N,N,N,3,,,
465,"2013-07-09 16:14:24","2013-07-09 16:46:12",,master,,"Northrop Grumman Information Systems","12011 Sunset Hills Rd","                                         ",Reston,VA,0,8,7,2013,3,9,2013,8,Reston,VA,"Janelle ","    ",Snavely,7035776517,N,N,Y,N,N,N,3,,,
