Program YR,Company,Address Line 1,City,County,State,ZIP,Type ot Notice,Number of Employees Affected,Notice Date,Layoff Date
0,Smurfit-Stone,2201 Bell Avenue,Des Moines,Polk,IA,50321,Closing,114,6/21/2000,
0,"Great Lakes Aviation, Ltd.",1965 330th Street,Spencer,Clay,IA,51301,Closing,95,8/1/2000,10/1/2000
0,OSF St. Francis Continuation,210 S. Fifth Street,Burlington,Des Moines,IA,52601,Closing,86,12/12/2000,3/30/2001
0,International Paper,2000 Harrison Drive,Clinton,Clinton,IA,52732,Closing,190,6/19/2000,
0,Smurfit-Stone Container Corp.,3972 Main Street Rd.,Keokuk,Lee,IA,52632,Closing,161,2/1/2000,4/1/2000
0,Little Giant Corporation,1601 NE 66th Ave,Des Moines,Polk,IA,50313,Closing,,9/26/2000,
0,GE Financial Assurance,430 Westown Pkwy.,West DSM,Polk,IA,50266,Closing,128,5/17/2000,7/22/2000
0,Meadow Gold Dairies,715 First Ave.,Perry,Dallas,IA,50220,Closing,45,4/4/2000,5/26/2000
0,Intermec Technologies Corp.,"550 Second Street, S.E.",Cedar Rapids,Linn,IA,52401,Closing,85,10/31/2000,1/2/2001
0,"Sinsinawa Dominicans, Inc.",600 Mazzuchelli Heights,Dubuque,Dubuque,IA,52001,Closing,,8/11/2000,
0,Minnesota Rubber,"1700 15th St., S.W.",Mason City,Cerro Gordo,IA,50401,Layoff,19,11/29/2000,11/17/2000
0,Young Radiator,2500 Dewey Rd.,Centerville,Appanoose,IA,52544,Closing,82,1/26/2000,3/31/2000
0,Plain Talk Printing,511 E. 6th Street,Des Moines,Polk,IA,50309,Closing,60,5/23/2000,
0,Quik-to-Fix Foods,"251 15th Street, NE",Sioux Center,Sioux,IA,51250,Closing,222,4/11/2000,6/14/2000
0,RMH Teleservices,206 1st Street,Seargeant Bluff,Woodbury,IA,51054,Ceasing Mgmt.,,5/5/2000,6/15/2000
0,Marley Pump Company,500 E. 59th Street,Davenport,Scott,IA,52808,Layoff,69,9/29/2000,11/30/2000
0,Cintas Corporation,505 Nuckolls,Glenwood,Mills,IA,51534,Closing,67,10/30/2000,12/30/2000
0,Tredegar Film Products,Box 334,Manchester,Delaware,IA,52057,Closing,58,5/31/2000,12/31/2000
0,ArvinMeritor,2135 W. Maple Rd.,Troy,Jefferson,IA,52627,Closing,,12/7/2000,
0,CCC,Highway 30,Ames & Others,Story,IA,50010,Closing,325,9/18/2000,8/16/2000
0,The McCleery-Cumming Co,915 East Tyler,Washington,Washington,IA,52353,Layoff,189,10/11/2000,12/15/2000
0,Kids R Us,8801 E. University Ave,Clive,Polk,IA,50322,Closing,14,8/1/2000,10/1/2000
0,The Learning Company,1 Martha's Way,Hiawatha,Linn,IA,52233,Reduction,150,10/25/2000,12/31/2000
0,St. Dominic Villa,600 Mazzuchelli Heights,Dubuque,Dubuque,IA,52001,Closing,,8/11/2000,
0,Cintas Corporation,505 Nuckolls,Glenwood,Mills,IA,51534,Closing,67,10/30/2000,12/30/2000
0,Correctional Services Corp.,1251 334th St.,Woodward,Dallas,IA,50276,Closing,81,10/16/2000,12/22/2000
0,Eagle Food Centers,1815 Lincolnway,Clinton,Clinton,IA,52730,Closing,,2/29/2000,3/18/2000
0,The Associates,4300 Westown Pkwy.,West Des Moines,Polk,IA,50266,Perm. Layoff,60,11/30/2000,1/31/2001
0,Earthgrains,1225 Second Avenue,Des Moines,Polk,IA,50314,Closing,70,12/1/2000,1/30/2001
0,Target,3750 Williams Blvd. SW,Cedar Rapids,Linn,IA,52404,Relocating,170,7/31/2000,10/4/2000
0,"Survivors Technologies, Inc.",RR1 Route 69,Leon,Decatur,IA,50144,Closing,74,1/13/2000,3/17/2000
0,Farmland Foods,701 E. 16th Street,Dubuque,Dubuque,IA,52004,Layoff,1000,4/10/2000,6/9/2000
,,,,,,,,,,
1,Marycrest Inter. University,1607 W. 12th Street,Davenport,Scott,IA,52804,Closing,137,1/14/2002,3/18/2002
1,RR Donnelley,5701 SW Park Avenue,Des Moines,Polk,IA,50321,Closing,3,2/4/2002,4/5/2002
1,Super Valu,3900 NW 106th Street,Des Moines,Polk,IA,,Closing,211,2/7/2002,4/21/2002
1,APAC,5271 N. Park Place NE,Cedar Rapids,Linn,IA,52402,Layoff,41,1/29/2002,4/1/2002
1,AT&T,528 N. Main Street,Davenport,Scott,IA,52804,Closing,59,2/1/2002,4/5/2002
1,RR Donnelley,5701 SW Park Avenue,Des Moines,Polk,IA,50321,Closing,2,1/29/2002,3/30/2002
1,RR Donnelley,5701 SW Park Avenue,Des Moines,Polk,IA,50321,Closing,12,2/4/2002,4/5/2002
1,Sears,7100 Westown Pkwy,West Des Moines,Polk,IA,,Layoff,1,11/6/2001,11/6/2001
1,Rockwell Collins,400 Collins Road NE,Cedar Rapids,Linn,IA,52498,Layoff,470,10/15/2001,10/20/2001
1,"Vigortone Ag Products, Inc.",5264 Council Street NE,Cedar Rapids,Linn,IA,52406,Closing,,10/12/2001,12/28/2001
1,GE Financial Assurance,2720 W. Locust St.,Davenport,Scott,IA,52804,Closing,99,11/1/2001,12/31/2001
1,Norwood Promotional,915 E. Tyler,Washington,Washington,IA,52353,Layoff,170,10/8/2001,12/7/2001
1,International Paper,2000 Harrison Drive,Clinton,Clinton,IA,52732,Closing,25,10/26/2001,12/15/2001
1,RR Donnelley,5701 S. West Park Ave.,Des Moines,Polk,IA,50321,Closing,4,10/17/2001,12/28/2001
1,RR Donnelley,5701 S. West Park Avenue,Des Moines,Polk,IA,50321,Closing,5,10/17/2001,12/28/2001
1,SuperValu,1332 Edgewood Rd.,Cedar Rapids,Linn,IA,,Closing,110,11/15/2001,12/31/2001
1,RR Donnelley,5701 S. West Park Avenue,Des Moines,Polk,IA,52556,Closing,4,10/29/2001,12/31/2001
1,RR Donnelley,5701 SW Park Avenue,Des Moines,Polk,IA,50321,Closing,42,11/30/2001,2/3/2002
1,ArvinMeritor,1801 W. Stone Rd.,Fairfield,,IA,52556,Closing,7,11/22/2002,4/30/2002
1,Sears,3800 Merle Hay Rd.,Des Moines,Polk,IA,,Layoff,1,11/6/2001,11/6/2001
1,ArvinMeritor,1801 West Stone Rd,Fairfield,,IA,52556,Closing,1,2/13/2002,4/15/2002
1,"Jumer's Castle Lodge, Inc.",I-74 & Spruce Hills Dr.,Bettendorf,Scott,IA,52722,Closing,202,11/8/2001,1/15/2002
1,APAC Customer Service,5271 N. Park Place NE,Cedar Rapids,Linn,IA,52402,Closing,86,11/19/2001,12/31/2001
1,U.S. Cellular,3301 Armar Drive,Marion,Linn,IA,,Relocating,27,11/29/2001,1/29/2002
1,RR Donnelley,5701 SW Park Avenue,Des Moines,Polk,IA,50321,Closing,9,11/20/2001,1/25/2002
1,ArvinMeritor,1801 W. Stone Rd.,Fairfield,,IA,52556,Closing,14,10/15/2001,12/14/2001
1,RR Donnelley,5701 South West Park Avenue,Des Moines,Polk,IA,50321,closure,176,3/7/2002,5/17/2002
1,RR Donnelley,5701 South West Park Avenue,Des Moines,Polk,IA,50312-1250,Closure,2,6/26/2002,8/31/2002
1,American Marketing Industries,,Rock Rapids,Lyon,IA,,closure,50,5/20/2002,7/19/2002
1,Parker Hannifin Corp.,1505 21st Street,Eldora,Hardin,IA,50627,closure,,5/8/2002,7/9/2002
1,RR Donnelley,5701 South West Park Avenue,Des Moines,Polk,IA,50321,closure,3,5/6/2002,7/15/2002
1,APAC Customer Services,5271 N. Park Place NE,Cedar Rapids,Linn,IA,52402,lay off,110,4/30/2002,6/30/2002
1,Life Investors Insurance Co.,4333 Edgewood Road NE,Cedar Rapids,Linn,IA,52499,lay off,1,4/25/2002,
1,RR Donnelley,5701 South West Park Avenue,Des Moines,Polk,IA,50321,closure,39,4/23/2002,6/28/2002
1,RR Donnelley,5701 South West Park Avenue,Des Moines,Polk,IA,50321,closure,38,4/22/2002,6/28/2002
1,Protective Life Corporation,4200 University Avenue,West Des Moines,Polk,IA,50266,lay off,65,4/15/2002,6/30/2002
1,RR Donnelley,5701 South West Park Avenue,Des Moines,Polk,IA,50321,closure,2,4/8/2002,6/14/2002
1,RR Donnelley,5701 South West Park Avenue,Des Moines,Polk,IA,50321,closure,35,3/25/2002,5/31/2002
1,RR Donnelley,5701 South West Park Avenue,Des Moines,Polk,IA,50321,Closing,70,3/7/2002,5/10/2002
1,ArvinMeritor,1801 West Stone Avenue,Fairfield,Jefferson,IA,52556,closure,5,3/15/2002,5/15/2002
1,ArvinMeritor,1801 West Stone Road,Fairfield,,IA,52556,Closing,22,2/8/2002,4/12/2002
1,K-Mart,900 11th Street SW,Spencer,Clay,IA,,Closing,70,3/8/2002,5/7/2002
1,K-Mart,5049 NE 14th Street,Des Moines,Polk,IA,,Closing,80,3/8/2002,5/7/2002
1,K-Mart,1800 Lincolnway,Clinton,Clinton,IA,,Closing,90,3/8/2002,5/7/2002
1,K-Mart,3126 Fifth Avenue S.,Fort Dodge,Webster,IA,,Closing,60,3/8/2002,5/7/2002
1,ArvinMeritor,1801 W. Stone Rd.,Fairfield,,IA,52556,Closing,16,11/22/2002,4/30/2002
1,RR Donnelley,5701 South West Park Avenue,Des Moines,Polk,IA,50321,closure,1,6/4/2002,8/15/2002
1,RR Donnelley,5701 South West Park Avenue,Des Moines,Polk,IA,50321,Closing,1,3/4/2002,5/4/2002
1,American Airlines,P.O. Box 619616,Ft. Worth,,TX,75261,Layoff,,9/19/2001,9/24/2001
1,International Paper,2000 Harrison Drive,Clinton,,IA,52732,Closing,17,2/19/2002,4/26/2002
1,RR Donnelley,5701 South West Park Avenue,Des Moines,Polk,IA,50321,Closing,9,2/18/2002,7/1/2002
1,ArvinMeritor,1801 West Stone Road,Fairfield,,IA,52556,Closing,2,2/8/2002,4/15/2002
1,RR Donnelley,5701 South West Park Avenue,Des Moines,Polk,IA,50321,closure,35,3/19/2002,5/24/2002
1,Qwest,403 Sycamore Street,Waterloo,Black Hawk,IA,50703,Closing,66,4/16/2001,8/25/2001
1,Wards,320 W. Kimberly Rd.,Davenport,Scott,IA,52806,Closing,100,1/12/2001,3/13/2001
1,Wards,2720 Mt. Pleasant,Burlington,Des Moines,IA,52601,Closing,67,1/12/2001,3/13/2001
1,ShopKo,1905 Lincolnway,Clinton,Clinton,IA,52730,Closing,88,1/31/2001,4/14/2001
1,ShopKo,3111 16th Avenue,Cedar Rapids,Linn,IA,52404,Closing,95,1/31/2001,4/14/2001
1,ShopKo,2323 Main Street,Keokuk,Lee,IA,52632,Closing,85,1/31/2001,4/14/2001
1,ShopKo,5001 1st Avenue,Cedar Rapids,Linn,IA,52404,Closing,105,1/31/2001,4/14/2001
1,ShopKo,"901 11th Street, SW",Spencer,Clay,IA,51301,Closing,86,1/31/2001,4/14/2001
1,ShopKo,501 West Bypass 61,Muscatine,Muscatine,IA,52761,Closing,101,1/31/2001,4/14/2001
1,ShopKo,1431 Kimberly St.,Bettendorf,Scott,IA,52802,Closing,103,1/31/2001,4/14/2001
1,ShopKo,2050 8th Street,Coralville,Johnson,IA,52241,Closing,90,1/31/2001,4/14/2001
1,RR Donnelley Printing Co.,5701 S.W. Park Ave.,Des Moines,Polk,IA,50321,Closing,775,4/30/2001,7/1/2002
1,Wards,"2500 Edgewood Rd., SW",Cedar Rapids,Linn,IA,52404,Closing,92,1/12/2001,3/13/2001
1,Redjacket,500 East 59th Street,Davenport,Scott,IA,52808,Closing,54,2/27/2001,4/27/2001
1,Featherlite Inc.,Hwy 63 & 9,Cresco,Chickasaw,IA,52136,Closing,126,2/23/2001,4/24/2001
1,Qualex,405 Boyson Rd.,Hiawatha,Linn,IA,52233,Closing,,1/23/2001,3/28/2001
1,National Industrial Services,2300 Papin Street,St. Louis,,MO,63103,Closing,,2/1/2001,
1,Monona Wire Corporation,700B Peace Rd.,DeKalb,,,,Closing,82,1/15/2001,3/31/2001
1,Michel & Co.,5933 Slauson Avenue,Culver City,,CA,90230,Closing,1,2/15/2001,4/16/2001
1,Merchants Wholesale of IA,3840 W. River Drive,Davenport,Scott,IA,52802,Closing,121,2/1/2001,
1,AirMate,1420 Kensington Rd.,Oak Brooks,Pottawattamie,IA,,Perm. Layoff,,1/2/2001,1/31/2001
1,Farmland,401 Grant Rd.,Carroll,Carroll,IA,52060,Closing,,5/1/2001,6/30/2001
1,Northern Engraving Corporation,2095 Industrial Park West,Lansing,Allamakee,IA,52151,Closure,172,6/26/2002,9/6/2002
1,Chesapeake Display & Pkg.,3675 Industrial Ave.,Marion,Linn,IA,52302,Closing,120,2/6/2001,4/8/2001
1,Chesapeake,3675 Industrial Ave,Marion,Linn,IA,52302,Closing,120,2/6/2001,4/8/2001
1,TWA,11495 Natural Bridge Rd.,St. Louis,,MO,63044,Layoff,,9/19/2001,9/24/2001
1,"Retired Persons Services, Inc.",6109 Willowmere Dr.,Des Moines,Polk,IA,50309,Closing,63,2/15/2001,4/16/2001
1,Marley Pump,500 E. 59th Street,Davenport,Scott,IA,52808,Closing,151,8/20/2001,2/1/2002
1,Exide Technologies,3400 West Avenue,Burlington,Des Moines,IA,52601,Closing,239,3/30/2001,5/29/2001
1,National Travelers Life Co.,5700 Westown Pkwy,W Des Moines,Polk,IA,50266,Closing,92,5/7/2001,12/31/2001
1,"Promowerks, Inc.",1741 Guthrie Ave.,Des Moines,Polk,IA,50316,Closing,19,9/26/2001,11/30/2001
1,The GSI Group,1600 12th Street NE,Mason City,Cerro Gordo,IA,50401,Closing,96,9/21/2001,11/21/2001
1,Sparboe Companies,204 E. Main Street,Calmar,Winneshiek,IA,,Closing,50,8/24/2001,10/24/2001
1,"Goss Graphic Systems, Inc.","4401 Bowling Street, SW",Cedar Rapids,Linn,IA,52404,Closing,383,8/31/2001,8/31/2001
1,International Paper,2000 Harrison Drive,Clinton,Clinton,IA,52732,Closing,299,8/29/2001,10/15/2001
1,"Formed Steel Products, Inc.",220 New York Ave.,Des Moines,Polk,IA,50304,Closing,47,8/14/2001,9/30/2001
1,"Keokuk Ferro-Sil, Inc.",2301 Twin Rivers Dr.,Keokuk,Lee,IA,52632,Closing,118,8/10/2001,8/16/2001
1,"Ilona Financial Group, Inc.",4200 University Ave.,West Des Moines,Polk,IA,50266,Layoff,70,7/16/2001,9/17/2001
1,ConAgra Foods,833 4th Avenue S.,Denison,,IA,51442,Closing,125,7/25/2001,9/25/2001
1,Wabash,610 8th Street,Ft. Madison,Lee,IA,52627,Closing,252,7/23/2001,9/21/2001
1,ResCare,13011 120th Ave.,Ottumwa,Wapello,IA,52501,Layoff,40,5/25/2001,6/30/2001
1,Kiowa Corporation,610 S. 12th Avenue,Marshalltown,Marshall,IA,50158,Layoff,60,7/17/2001,9/17/2001
1,APAC,"517 Third Ave., SW",Cedar Rapids,Linn,IA,52404,Closing,154,7/12/2001,9/10/2001
1,Archway Cookies,2419 Boone Industrial Park,Boone,Boone,IA,50036,Closing,109,7/12/2001,9/10/2001
1,Formed Steel Products,220 New York Ave,Des Moines,Polk,IA,50304,Closing,47,8/14/2001,9/30/2001
1,Millward Brown,100 E. Kimberly Rd.,Davenport,Scott,IA,52806,Closing,150,7/20/2001,9/22/2001
1,Kiowa Corporation,610 S. 12th Avenue,Marshalltown,Marshall,IA,50158,Layoff,60,7/17/2001,9/17/2001
1,Case Corporation,1930 Des Moines Avenue,Burlington,Des Moines,IA,52601,Closing,63,7/5/2001,9/4/2001
1,Albertsons,100 Army Post Rd.,Des Moines,Polk,IA,50315,Closing,,10/2/2001,11/1/2001
,,,,,,,,,,
2,The Standard Casing Company,600 So. Iowa Avenue,Ottumwa,Wapello,IA,52501,Closure,36,1/27/2003,3/28/2003
2,Burlington Northern Santa Fe R,1801 N. W. Burlington Ave.,Burlingotn,Des Moines,IA,52601,mass layoff,260,1/13/2003,3/15/2003
2,General Motors Acceptance Corp,Field Service Office,West Des Moines,Polk,Ia,50266,Closure,36,3/20/2003,6/1/2003
2,Kmart,2715 Crossroads Blvd.,Waterloo,Black Hawk,IA,,Closure,100,1/12/2003,3/21/2003
2,Chittenden & Eastman Co.,401 South Roosevelt,Burlington,Des Moines,IA,52601,Closure,50,5/2/2003,7/7/2003
2,Air-Tex,214 S. W. Jackson,Des Moines,Polk,IA,50315,Mass Layoff,43,12/18/2002,2/28/2003
2,Siemens,1001 Furnas Drive,Osceols,Clarke,IA,50213,Closure,205,11/14/2002,1/15/2003
2,Pella Plastics,914 West 10th Street,Pella,Marion,IA,50219,Closure,344,11/13/2002,1/13/2003
2,The Tileworks,1521 Highway 6 East,Redfield,Dallas,IA,,Closure,,10/24/2002,
2,Tyco Electronics,410 Pearl Street,Sabula,Jackson,IA,,Closure,88,10/21/2002,
2,Affina,131 Tower Park,Waterloo,Black Hawk,IA,50701,mass layoff,80,2/26/2003,5/11/2003
2,"HJ Heinz, L. P.",1357 Isett Avenue,Muscatine,Muscatine,IA,52761,mass layoff,100,3/31/2003,5/31/2003
2,Brown & Williamson Tobacco,495 Alice's Road,Waukee,Polk,Ia,50263,Mass Layoff,1,4/10/2003,6/30/2003
2,ConAgra Foods,341 South Jefferson,Fredericksburg,Chickasaw,IA,,Closure,100,5/30/2003,9/15/2003
2,Affina,131 Tower Park,Waterloo,Black Hawk,IA,50701,Mass Layoff,80,3/10/2003,5/25/2003
2,Affina,131 Tower Park,Waterloo,Black Hawk,IA,50701,Mass Layoff,71,3/26/2003,5/8/2003
2,GC Services,"185 50th Avenue, SW",Cedar Rapids,Linn,IA,52404,Closure,423,10/30/2002,12/31/2002
2,Federated Group,3900 NW 106th Street,Des Moines,Polk,IA,50322,Closure,1,5/27/2003,7/31/2003
2,Consolidated Freightways,P. O. Box 871390,"Vancouver,",,WA,98687,Closure,80,8/29/2002,9/1/2002
2,"Raider Precast Concrete, Inc.",211 North Gear Avenue,West Burlington,Des Moines,IA,52655,Mass Layoff,102,5/15/2003,5/15/2003
2,Life Investors Insurance Co.,4333 Edgewood Road NE,Cedar Rapids,Linn,IA,52499,Mass Layoff,2,5/28/2003,7/28/2003
2,Life Investors Insurance Co.,4333 Edgewood Road NE,Cedar Rapids,Linn,IA,52499,Mass Layoff,66,6/2/2003,8/1/2003
2,Target,4340 Seargent Road,Sioux City,Woodbury,IA,,Closure,150,5/19/2003,7/22/2003
2,"Centurion Industries, Inc.",1251 Beaver Channel Parkway,Clinton,Clinton,IA,52730,Mass Layoff,84,5/23/2003,5/6/2003
2,"Raider Precast Concrete, Inc.",211 North Gear Avenue,West Burlington,Des Moines,IA,52655,Mass layoff,102,4/15/2003,4/15/2003
2,"ResCare, Inc.",2416 340th St.,Keokuk,Lee,IA,52632,Closure,31,8/13/2002,
2,JII Promotions,110 South Second Street,Red Oak,,IA,51566,Closing,77,1/4/2002,3/31/2002
2,Target,4501 First Avenue SE,Cedar Rapids,Linn,IA,50702,Closing,125,1/3/2002,3/5/2002
2,CertainTeed,911 Industrial Avenue,Grinnell,,IA,50112,Closing,112,1/10/2002,3/11/2002
2,Andrew Corporation,1400 North Roosevelt Road,Burlington,Des Moines,IA,52601,Closure,54,9/30/2002,12/2/2002
2,Ball Corporation,2651 Murray Street,Sioux City,Woodbury,IA,51111,Closure,78,7/30/2002,9/29/2002
2,Seabury and Smith,,West Des Moines,Polk,IA,,Mass Layoff,188,11/1/2002,12/31/2002
2,"PM Beef Group, L. L. C.",56 Second Street,Hartley,Obrien,IA,,Closure,340,8/2/2002,10/27/2002
2,R. R. Donnelley,5701 South West Park Avenue,Des Moines,Polk,IA,50321,Closure,9,8/26/2002,
2,PM Hartley,56 Second Street SE,Hartley,O'Brien,IA,51346,Closure,,10/14/2002,
2,United Brick & Tile Co.,1831 W. Main,Adel,Dallas,IA,50003,Lay Off,56,9/24/2002,11/25/2002
2,Globe Aviation Services Corp.,Eastern Iowa Airport,Cedar Rapids,Linn,IA,,Closure,,10/3/2002,10/8/2002
2,Saks Inc./Younkers,701 Walnut,Des Moines,Polk,IA,50322,Closure,287,10/1/2002,2/1/2003
2,Snap-on Tools,2600 US Highway 18 E.,Algona,Kossuth,IA,50511,Temp Lay Off,150,10/8/2002,12/6/2002
2,ConAgra Foods,341 South Jefferson,Fredericksburg,Chickasaw,IA,,Lay off,100,10/1/2002,11/29/2002
2,APAC Customer Services,Penn Central Mall,Oskaloosa,Mahaska,IA,52577,Closure,101,8/27/2002,10/26/2002
2,RR Donnelley,5701 S. W. Park Avenue,Des Moines,Polk,IA,50321,Closure,2,10/16/2002,
2,"Hydraulic Technologies, Inc.",21201 510th Street,Pocahontas,Pocahontas,IA,50574,Closure,95,10/21/2002,3/31/2003
,,,,,,,,,,
3,Hirsh Industries,1500 Delaware Avenue,Des Moines,Polk,IA,50317,Mass Layoff,85,3/10/2004,5/8/2004
3,Lands' End,24536 Gunder Road NE,Elkader,Clayton,IA,52043,Closure,57,1/29/2004,4/2/2004
3,Lands 'End,705 West Pine Street,West Union,Fayette,IA,52175,Closure,82,1/29/2004,4/2/2004
3,Pechiney Plastic Packaging,1500 East Aurora Avenue,Des Moines,Polk,IA,,Layoff,90,9/16/2003,11/17/2003
3,"Citicorp Credit Services, Inc.",7100 Western Parkway,West Des Moines,Polk,IA,50266,Mass Layoff,105,2/27/2004,5/2/2004
3,APAC Customer Services,1631 4th Street SW,Mason City,Cerro Gordo,IA,,Closure,138,10/20/2003,12/19/2003
3,Life Investors Insurance,4333 Edgewood Road NE,Cedar Rapids,Linn,IA,52499,Layoff,2,2/5/2004,4/6/2004
3,Pechiney Plastic Packaging,,Des Moines,Polk,IA,,Amendment,105,11/11/2003,11/30/2003
3,"APAC Customer Services, Inc.",1000 North Roosevelt Place,Burlington,Des Moines,IA,,Closure,115,10/20/2003,12/19/2003
3,"Vonachen Services, Inc.",2401 W. Park 74 Drive,Waterloo,Black Hawk,IA,,Closure,65,4/2/2004,5/1/2004
3,Magnaflux,916 S. 10th Street,Manchester,Delaware,IA,,Closure,,4/22/2004,9/10/2004
3,Sauer Danfoss,601 Sauer Boulevard,West Branch,Cedar,IA,52358,Closure,120,9/8/2003,11/9/2003
3,DynCorp Technical Services LLc,4200 NW Urbandale Drive,Urbandale,Polk,IA,50322,Closure,60,5/7/2004,7/9/2004
3,Crane Valve North America Foun,1000 North 12th Avenue,Washington,Washington,IA,52353,Mass Layoff,71,7/10/2003,10/8/2003
3,Vonachen Services Inc.,2401 W. Park 74 Drive,Ankeny,Polk,IA,,Closure,22,5/3/2004,5/28/2004
3,CIGNA Health Care,Routing 287,Clive,Polk,IA,50325,Closure,176,5/4/2004,8/27/2004
3,APAC,"425 Second Street, SE",Cedar Rapids,Linn,IA,,mass layoff,85,6/28/2004,8/27/2004
3,CitiMortgage,699 Walnut Street,Des Moines,Polk,IA,50309,Mass Layoff,390,6/30/2004,7/1/2004
3,MCI,1925 Boyrum Street,Iowa City,Johnson,IA,52240,closure,131,6/25/2004,8/24/2004
3,Famous Barr/L.S. Ayres,3800 Merle Hay Road,Des Moines,Polk,IA,50310,Closure,85,4/20/2004,6/19/2004
3,"Eagle Food Centers, Inc.","1015 13th Avenue., N.",Clinton,Clinton,IA,52732,Closure,,7/29/2003,9/23/2003
3,Burlington Northern and Santa,1801 N. W. Burlington Avenue,Burlington,Des Moines,IA,,Mass Layoff,90,1/9/2004,
3,"Johnston Industries, Inc.",112 3rd Avenue,DeWitt,Clinton,IA,52742,Closure,36,11/21/2003,12/15/2003
3,Tyco Electronics,111 North Hill Drive,Guttenberg,Clayton,IA,,Closure,111,11/21/2003,2/27/2004
3,Norwood Promotional Products,915 East Tyler,Washington,Washington,IA,,Closure,195,10/3/2003,1/30/2004
3,CraneValve North American Foun,1000 North 12th Avenue,Washington,Washington,IA,52353,Mass Layoff,71,7/10/2003,10/8/2003
3,Pinnacle Food Group,1800 Maury Street,Des Moines,Polk,IA,,Closure,523,8/12/2003,10/10/2003
3,Pinnacle Food Group,1800 Mauary Street,Des Moines,Polk,Ia,50317,Amendment,523,12/29/2003,
3,"Eagle Food Centers, Inc.",2701 Devil's Glen Road,Bettendorf,Scott,IA,52722,Closure,,7/29/2003,9/23/2003
3,Cun and Bradstreet,4600 Westown Parkway,West Des Moines,Polk,IA,,Closure,75,6/30/2003,8/31/2003
3,"Eagle Food Centers, Inc.",902 W. Kimberly Road,Davenport,Scott,IA,52806,Closure,,7/29/2003,9/23/2003
3,"Eagle Food Centers, Inc.",300 S. Locust St,Dubuque,Dubuque,IA,52001,Closure,,7/29/2003,9/23/2003
3,"Eagle Food Centers, Inc.",1800 Elm St.,Dubuque,Dubuque,IA,52001,Closure,,7/29/2003,9/23/2003
3,"Eagle Food Centers, Inc.",2050 JFK Rd.,Dubuque,Dubuque,IA,52001,Closure,,7/29/2003,9/23/2003
3,Life Investors Insurance Co.,4333 Edgewood Road NE,Cedar Rapids,Linn,IA,52499,Layoff,9,8/18/2003,10/17/2003
3,APAC,102 South Market Street,Ottumwa,Wapello,IA,,layoff,147,9/22/2003,11/22/2003
3,"Heartland Foods, Inc.",225 W. 21st Street,Spencer,Clay,IA,51301,Closure,90,9/12/2003,11/1/2003
3,"Eagle Food Centers, Inc.",405 E. Locust St.,Davenport,Scott,IA,52803,Closure,,7/29/2003,9/23/2003
,,,,,,,,,,
4,Case Ready Meats Corporation,2640 Murray Street,Sioux City,Woodbury,IA,,closure,107,3/14/2005,5/13/2005
4,General Mills,2309 Heinz Road,Iowa City,Johnson,IA,52240,closure,49,5/31/2005,7/29/2005
4,"Mahle Tennex North America, In",3001 McKinley Avenue,Des Moines,Polk,IA,,amendment,10,5/19/2005,7/5/2005
4,"Mahle Tennex North America, In",3001 McKinley Avenue,Des Moines,Polk,IA,,amendment,41,4/21/2005,4/26/2005
4,Midwest Mfg. Co.,101 High Street,Kellogg,Jasper,IA,50135,Mass Layoff,100,5/31/2005,8/1/2005
4,"Mahle Tennex North America, In",3001 McKinley Avenue,Des Moines,Polk,IA,,amendment,3,3/7/2005,4/26/2005
4,"Mahle Tennex North America, In",3001 McKinley Avenue,Des Moines,Polk,IA,,amendment,19,4/1/2005,4/26/2005
4,"Citicorp Credit Services, Inc.",7100 Westown Parkway,West DesMoines,Polk,IA,50266,amendment,0,3/22/2005,
4,Calestica,1615 East Washington Street,Mount Pleasant,Henry,IA,52641,Closure,320,5/23/2005,7/8/2005
4,"APAC Customer Services, Inc.",4825 Avenue O,Fort Madison,Lee,IA,52627,Closure,92,5/9/2005,7/8/2005
4,Roberts Dairy Company,7th & University,Des Moines,Polk,IA,50314,Mass Layoff,73,4/13/2005,6/14/2005
4,ACS Healthcare,7755 Office Plaza Drieve,West Des Moines,Polk,IA,50266,closure,101,3/15/2005,6/1/2005
4,Mahle Tennex North America,3100 McKinley Avenue,Des Moines,Polk,IA,,amendment,,6/24/2005,
4,"Metso Minerals Industries, Inc",3588 Main Street,Keokuk,Lee,IA,52632,Closure,105,2/24/2005,4/30/2005
4,"Citicorp Credit Services, Inc.",4300 Westown Parkway,Des Moines,Polk,IA,50266,mass layoff,466,3/4/2005,5/6/2005
4,Mahle Tennex North America,3100 McKinley Avenue,Des Moines,Polk,IA,,amendment,,6/24/2005,
4,Crane Plumbing,,Ottumwa,Wapello,IA,,Mass Layoff,67,6/1/2005,
4,National Benevolent Associatio,1611 27th Street,Des Moines,Polk,IA,50310-5499,Closure,133,12/22/2004,2/27/2005
4,Access Direct,,Cedar Falls,Black Hawk,IA,,closing,100,7/1/2004,7/31/2004
4,Access Direct,,Cedar Rapids,Linn,IA,,mass layoff,140,7/1/2004,7/31/2004
4,CitiMortgage,699 Walnut Street,Des Moines,Polk,IA,50309,amendment,34,8/30/2004,9/1/2004
4,"Frito-Lay, Inc.",3919 West Broadway,Council Bluffs,Pottawattamie,IA,51501,Closure,94,9/30/2004,10/30/2004
4,HSN Fulfillment LLC,1519 West Airline Highway,Waterloo,Black Hawk,IA,,Closure,84,11/4/2004,1/3/2004
4,Mahle Tennix North America,3001 McKinley Avenue,Des Moines,Polk,IA,,amendment,,6/3/2005,
4,The Swiss Colony,236 E. 90th Street #4,Davenport,Scott,IA,,Closure,107,1/28/2005,3/31/2005
4,Citi,7100 Westown Parkway,West Des Moines,Polk,IA,50266,Closure,226,1/28/2005,4/2/2005
4,Curtis 1000 Inc.,1319 18th Street,Mason City,Cerro Gordo,IA,50401,closure,40,3/28/2005,4/15/2005
4,"CitiMortgage, Inc.",699 Walnut Street,Des Moines,Polk,IA,50309,amendment,12,1/31/2005,
4,Mahle Tennex North America,3001 McKinley Avenue,Des Moines,Polk,IA,50321,Closure,86,2/25/2005,4/26/2005
4,Mahle Tennex North America,3001 McKinley Avenue,Des Moines,Polk,IA,50321,amendment,1,3/11/2005,4/26/2005
4,Advanced Data-Com,106 N. Page Street,Monona,Clayton,IA,,Closure,61,11/16/2004,12/31/2004
,,,,,,,,,,
5,CUNA Mutual Group,2000 Heritage Way,Waverly,Bremer,IA,50677,Mass Layoff,5,6/23/2006,9/1/2006
5,Gear for Sports,1500 Industrial Avenue,Bedford,Taylor,IA,50833,Closure,43,6/5/2006,8/5/2006
5,QualiTech Maintenance Inc.,1600 W. Washington,Mt. Pleasant,Henry,IA,,Mass Layoff,160,6/16/2006,6/30/2006
5,Jacobson Companies,1600 W. Washington,Mt. Pleasant,Henry,IA,52641,mass layoff,149,1/3/2006,1/9/2006
5,"APAC Customer Services, Inc.",2325 Crossroads Boulevard,Waterloo,Black Hawk,IA,,amendment,,2/17/2006,3/17/2006
5,Sheaffer Manufacturing Co. LLC,301 Avenue H,Fort Madison,Lee,IA,52627,mass layoff,62,2/23/2006,4/23/2006
5,Verizon Business,102 Sergeant Square Drive,Sergeant Bluff,Woodbury,IA,,closure,569,4/28/2006,6/30/2006
5,Romech,2700 North Broadway,Red Oak,Montgomery,IA,51566,closure,35,4/28/2006,6/30/2006
5,Sheaffer Manufacturing Co.,301 Avenue H,Fort Madison,Lee,IA,52627,Amendment,,4/20/2006,5/22/2006
5,Interstate Brands Corporation,1034 E.River Drive,Davenport,Scott,IA,52803,Closure,151,8/30/2005,11/4/2005
5,Minnesota Rubber,1700 15th St. S.W.,Mason City,Cerro Gordo,IA,,Mass Layoff,60,6/21/2006,6/30/2006
5,"Applied Systems, Inc.",520 10th Avenue,Coralville,Johnson,IA,52241,Closure,83,6/28/2006,9/1/2006
5,Romech,2700 North Broadway,Red Oak,Montgomery,IA,51566,closure,72,4/3/2006,6/5/2006
5,CUNA Mutual Group,2000 Heritage Way,Waverly,Bremer,IA,50677,mass layoff,25,3/21/2006,5/26/2006
5,CUNA Mutual Group,2000 Heritage Way,Waverly,Bremer,IA,50677,mass layoff,10,3/3/2006,6/12/2006
5,Midwest Mfg. Co.,101 High Street,Kellogg,Jasper,IA,50135,mass layoff,55,3/6/2006,4/17/2006
5,CUNA Mutual Group,2000 Heritage Way,Waverly,Bremer,IA,50677,mass layoff,22,4/4/2006,6/6/2006
5,Crane Plumbing,,Ottumwa,Wapello,IA,,Amendment,0,10/28/2005,11/11/2005
5,Winnebago Industries,650 Highway 169 North,Lorimor,Union,IA,50149,Closure,46,4/7/2006,6/16/2006
5,International Paper,1510 18th Street,Fort Madison,Lee,IA,52627,Closure,125,7/22/2005,9/30/2005
5,"PPG Industries, Inc.","1625 Grand Ave., 97 Indiana Ave.",Des Moines,Polk,IA,50313,Mass Layoff,100,1/9/2006,3/1/2006
5,Getronics Enterprise Managed S,1501 50th Street,West Des Moines,Polk,IA,50266,Layoff,1,9/14/2005,11/15/2005
5,Mahle Tennex North America,3001 McKinley Avenue,Des Moines,Polk,IA,50321,amendment,,8/26/2005,
5,"APAC Customer Services, Inc.",3250 JFK Circle,Dubuque,Dubuque,IA,,Closure,167,7/28/2005,9/28/2005
5,"APAC Customer Services, Inc.",425 2nd St. S. E.,Cedar Rapids,Linn,IA,,Layoff,31,7/28/2005,9/28/2005
5,MCI,1925 Boyrum Street,Iowa City,Johnson,IA,,Closure,191,7/29/2005,9/30/2005
5,Worley Distribution Services,423 Southgate Court S. W.,Cedar Rapids,Linn,IA,52404,Closure,400,7/25/2005,9/30/2005
5,CUNA Mutual Group,2000 Heritage Way,Waverly,Bremer,IA,50677,mass layoff,11,2/2/2006,4/7/2006
5,Romech,2700 North Broadway,Red Oak,Montgomery,IA,51566,closure,172,2/1/2006,4/3/2006
5,Romech,2700 North Broadway,Red Oak,Montgomery,IA,51566,closure,6,2/1/2006,4/3/2006
5,"Tyson Deli, Inc.",812 Third Street N. W.,Independence,Buchanan,IA,50644,closure,300,1/13/2006,3/17/2006
5,"Tyson Deli, Inc.",400 9th Avenue NW,Oelwein,Fayette,IA,50662-2241,closure,90,1/13/2006,3/17/2006
5,"APAC Customer Services, Inc.",2325 Crossroads Boulevard,Waterloo,Black Hawk,IA,,closure,292,1/9/2006,3/10/2006
5,Norwood Promotional Products,214 SW Jackson,Des Moines,Polk,IA,50302,closure,90,1/16/2006,4/14/2006
5,"Donaldson Company, Inc.-*-",201 East Street South,Grinnell,Poweshiek,IA,,mass layoff,80,11/10/2005,1/1/2006
5,CUNA Mutual Group,2000 Heritage Way,Waverly,Bremer,IA,50677,mass layoff,12,1/30/2006,4/7/2006
5,"APAC Customer Services, Inc.",102 South Market Street,Ottumwa,Wapello,IA,,Closure,29,7/28/2005,9/28/2005
5,Saks Incoporated / Younkers,7th and Walnut,Des Moines,Polk,IA,50309,Closure,105,7/6/2005,8/30/2005
,,,,,,,,,,
6,Aldi Inc.,3400 Mt. Pleasant Street,Burlingron,Des Moines,IA,52655,Closure,59,5/11/2007,10/1/2007
6,"Gless Bros., Inc.",.,Ottumwa,Wapello,IA,52501,Closure,150,4/10/2007,6/8/2007
6,Clarion Technologies,3100 South Riverside Drive,Ames,Story,Ia,50010,Closure,132,1/12/2007,3/14/2007
6,"Sun Microsystems, Inc.",1200 35th Street,West DesMoines,Polk,Ia,50266,Mass Layoff,1,1/24/2007,3/26/2007
6,Younkers,407 4th Street,Sioux City,Woodbury,Ia,51102,Mass Layoff,56,12/28/2006,2/28/2007
6,Romech,2700 North Broadway,Red Oak,Montgomery,Ia,51566,Closure,27,1/8/2007,3/9/2007
6,Romech,2700 North Broadway,Red Oak,Montogomery,Ia,51566,Closure,7,12/12/2006,2/12/2007
6,Romech,2700 North Broadway,Red Oak,Montogomery,Ia,51566,Closure,9,11/9/2006,1/9/2007
6,"First Student, Inc.",1515 Willow Creed Drive,Iowa City,Johnson,IA,52246-4241,Colsure,122,4/4/2007,6/4/2007
6,"Riverdeep Inc., LLC",222 3rd Avenue SE,Cedar Rapids,Linn,Ia,52401,Closure,61,1/5/2007,3/6/2007
6,Romech,2700 North Broadway,Red Oak,Montgomery,IA,51566,closure,19,3/22/2007,5/28/2007
6,Iowa Quality Meats,2075 NW 92nd Court,Clive,Polk,IA,50325,Closure,105,5/22/2007,7/21/2007
6,"WoodMarc Enterprises, LLC",801 North Tenth Street,Winterset,Madison,IA,50273,Closure,114,5/31/2007,7/31/2007
6,Romech,2700 North Broadway,Red Oak,Montgomery,IA,51566,closure,3,6/14/2007,8/17/2007
6,Romech,2700 North Broadway,Red Oak,Montgomery,IA,51566,closure,5,5/20/2007,7/20/2007
6,IMI Cornelius Inc.,2421 15th St. SW,Mason City,Cerro Gordo,IA,50401,Closure,174,1/1/2007,9/1/2007
6,Featherlite Inc.,1000 N. Hwy 48,Shenandoah,Page,IA,51601,Closure,100,4/23/2007,6/22/2007
6,"Victor Plastics, Inc.",202 1st Street South,Kalona,Washington,IA,52247,Closure,209,4/20/2007,7/31/2007
6,"Gless Bros., Inc.","Blue Grass Tank Wash, Inc.",Blue Grass,Scott,IA,52726,Closure,150,4/10/2007,6/8/2007
6,Romech,2700 North Broadway,Red Oak,Montgomery,IA,51566,closure,3,3/28/2007,6/1/2007
6,"Regency Iowa, Inc.",750 White Street,Dubuque,Dubuque,IA,52001,closure,137,8/24/2006,10/27/2006
6,Romech,2700 North Broadway,Red Oak,Montegomery,IA,51566,closure,24,5/31/2006,7/31/2006
6,"APAC Customer Services, Inc.",2325 Crossroads Boulevard,Waterloo,Black Hawk,IA,,closure,147,5/22/2006,7/24/2006
6,G&K Services,806 West 4th Street,Davenport,Scott,IA,,mass layoff,64,5/10/2006,7/14/2006
6,Whirlpool Corporation,,Newton,Jasper,IA,,closure,900,5/10/2006,
6,Metrobank,#1 - 2322 Kimberly Road,Davenport,Scott,IA,,mass layoff,16,5/4/2006,7/7/2006
6,Verizon Business,323 3rd Street,Cedar Rapids,Linn,IA,52401,Mass Layoff,189,7/21/2006,9/19/2006
6,United Brick & Tile,1831 W. Main St.,Adel,Dallas,IA,50003,Mass Layoff,46,8/3/2006,10/2/2006
6,Maytag Corporation,Newton Laundry Products,Newton,Jasper,IA,50208,closure,280,10/23/2006,12/22/2006
6,"WCB Hotels, Inc",3100 Dodge Street,Dubuque,Dubuque,Ia,52003,Closure,103,1/3/2007,3/4/2007
6,Gleason Corporation,1515 20th Street,Fort Madison,Lee,IA,,closure,91,8/18/2006,10/20/1969
6,Rubbermaid,"Route 1, Industrial Park",Centerville,Appanoose,IA,52544,Closure,233,7/11/2006,9/15/2006
6,Eaton Corporation,700 Luick's Lane,Belmond,Wright,IA,50421,mass layoff,175,10/27/2006,12/31/2006
6,Verizon,101 11th Ave.,Grinnell,Poweshiek,IA,50112,mass layoff,60,10/16/2006,12/18/2006
6,CUNA Mutual Group,2000 Heritage Way,Waverly,Bremer,IA,50677,mass layoff,5,8/29/2006,9/1/2006
6,Sioux City Brick & Tile Compan,1813 W. Main St.,Adel,Dallas,IA,50003,Amendment,,9/29/2006,10/2/2006
6,Romech,2700 North Broadway,Red Oak,Montgomery,IA,51566,closure,8,10/4/2006,12/4/2006
6,"Sun Microsystems, Inc.",1200 35th St.,West Des Moines,Polk,IA,50266,Mass Layoff,1,9/27/2006,11/27/2006
6,Romech,2700 North Broadway,Red Oak,Montgomery,IA,51566,closure,8,10/2/2006,12/19/2006
6,Younkers Distribution Center,802 SE Surfine Drive,Ankeny,Polk,IA,50021,Mass Layoff,74,1/26/2007,4/2/2007
6,Rubbermaid,"Route 1, Industrial Park",Centerville,Appanoose,IA,52544,closure,57,8/15/2006,10/15/2006
,,,,,,,,,,
7,Pella Corporation,1701 Broad Street,Story City,Story,IA,,Closure,244,1/9/2008,3/9/2008
7,PRC,6322 University Avenue,Cedar Falls,Black Hawk,IA,50613,Closure,70,2/29/2008,5/1/2008
7,United States Gypsum Company,P. O. Box 878,Fort Dodge,Webster,IA,50501,Mass Layoff,210,3/19/2008,5/19/2008
7,"Sun Microsystems, Inc.",1200 35th St.,Des Moines,Polk,IA,50266,Mass Layoff,1,9/26/2007,11/26/2007
7,Winnebago Industries,1200 Rove Ave.,Charles City,Floyd,IA,50616,Closure,270,6/2/2008,8/1/2008
7,Northern Engraving,902 Rossville Road,Waukon,Allamakee,IA,52172,Closure,207,6/9/2008,8/8/2008
7,"Lennox Industries, Inc",P. O. Box 250,Marshalltown,Marshall,IA,50158,Mass Layoff,79,6/13/2008,8/18/2008
7,AGC Flat Glass North America,1220 Imperial Road,Hampton,Franklin,IA,50441,Closure,48,6/27/2008,9/1/2008
7,PRC,2500 S. Center St.,Marshalltown,Marshall,IA,50158,Closure,120,3/3/2008,5/1/2008
7,GE Consumer and Industrial,510 East Agency Road,West Burlington,Des Moines,IA,52655,Amendment,241,2/15/2008,4/18/2008
7,Gleason Corporation,1515 20th Street,Fort Madison,Lee,IA,52627,Closure,88,5/23/2008,7/23/2008
7,GE Consumer & Industrial,510 East Agency Road,West Burlington,Des Moines,IA,52655,Amendment,241,12/5/2007,3/14/2007
7,FloorServe,309 North Hamilton Street,Dalton,,GA,30720,Closure,1,12/5/2007,1/31/2008
7,GE Consumer & Industrial,510 East Agency Road,West Burlington,Des Moines,IA,52655,Amendment,36,11/15/2007,1/13/2008
7,"Great River Entertainment, LLC",902 Riverview Drive,Fort Madison,Lee,IA,52627,Closure,150,10/17/2007,12/19/2007
7,PRC,,Keokuk,Lee,IA,,Closure,150,10/11/2007,12/14/2007
7,GE Consumer & Industrial,510 East Agency Road,West Burlington,Des Moines,IA,52655,Mass Layoff,205,9/13/2007,11/11/2007
7,"Jacobson Warehouse Co., Inc.",720 Alexander Way,North Liberty,Johnson,IA,52317,closure,93,8/24/2007,10/24/2007
7,GE Consumer & Industrial,510 East Agency Road,Burlington,Des Moines,IA,52655,Mass Layoff,27,3/10/2008,5/9/2008
7,PRC,200 Army Post Road,Des Moines,Polk,IA,50315,Closure,85,3/3/2008,5/1/2008
,,,,,,,,,,
8,AGC Flat Glass,1220 Imperial Road,Hampton,Franklin,IA,50441,Amendment,1,2/17/2010,6/30/2010
8,Lennox,4301 121st Street,Urbandale,Polk,IA,50323,Amendment,,2/27/2009,3/31/2009
8,Sitel Corporation,112 E. 5th Street,Carroll,Carroll,IA,51401,Closure,61,3/2/2009,4/30/2009
8,Sealed Air Corporation,1125 Wilson Avenue SW,Cedar Rapids,Linn,IA,52406,Closure,258,3/11/2009,3/1/2009
8,"American Welding & Tank, LLC",510 West 230th Street,Bloomfield,Davis,IA,52537,Closure,63,3/11/2009,5/15/2009
8,RR Donnelley,520 Second Avenue East,Spencer,Clay,IA,51303,closure,160,1/13/2009,3/13/2009
8,Buckle Down Pub/Triumph Learni,2308 Heinz Road,Iowa City,Johnson,IA,,Closure,63,3/17/2009,5/18/2009
8,Acciona Windpower North Americ,601 Fawcett Drive,West Branch,Cedar,IA,52358,Mass Layoff,65,3/19/2009,5/19/2009
8,Columbus McKinnon Corporation,101 50 Avenue SW,Cedar Rapids,Linn,IA,52404,Amendment,144,12/2/2009,12/4/2009
8,AGC Flat Glass,1220 Imperial Road,Hampton,Franklin,IA,50441,Amendment,2,12/18/2009,2/28/2010
8,World Color (USA) LLC,217 Griffith Road,Carroll,Carroll,IA,51401,Closure,,1/5/2010,3/6/2010
8,John Morrell,1200 Bluff Road,Sioux City,Woodbury,IA,,Closure,1450,1/19/2010,4/21/2010
8,Columbus McKinnon Corporation,101 50 avenue SW,Cedar Rapids,Linn,IA,52404,Amendment,,1/11/2010,1/22/2010
8,Al-jon MFG.,14599 2nd Avenue,Ottumwa,Wapello,IA,52501,Mass Layoff,47,4/13/2009,6/13/2009
8,Terex,909 17th Street NE,Cedar Rapids,Linn,IA,52402,Amendment,137,2/12/2010,3/22/2010
8,Gates Corporation,2121 Industrial Park,Boone,Boone,IA,50036,Closure,183,6/29/2009,8/28/2009
8,Nortich Systems,325 North State Street,Garner,Hancock,IA,50438,Closure,57,6/4/2009,8/4/2009
8,"Sun Microsystems, Inc.",1200 35th Street,West Des Moines,Polk,IA,50266,Mass Layoff,5,3/30/2009,5/30/2009
8,Holcim (US) Inc.,1840 N. Federal Avenue,Mason City,Cerro Gordo,IA,50401,Closure,164,6/1/2009,8/12/2009
8,Tate & Lyle,1950 Harvest Avenue,Fort Dodge,Webster,IA,50501,Mass Layoff,56,4/2/2009,6/3/2009
8,"Rosenboom Machine & Tool, Inc.",P. O. Box 280,Sheldon,Sioux,IA,51201,Mass Layoff,11,6/12/2009,8/14/2009
8,Detroit Tool Metal Products,3212 Crabtree Lane,Fort Madison,Lee,IA,52627,Closure,135,6/10/2009,9/11/2009
8,"Anderson Services, LLC",6127 Willowmere Dr.,Des Moines,Polk,IA,50321,Closure,99,2/24/2009,2/11/2009
8,Winnebago Industries,1280 Olive Avenue,Hampton,Franklin,IA,50441,Closure,43,6/11/2009,
8,Nichols Aluminum,2101 J. M. Morris Blvd.,Davenport,Scott,IA,52802,Amendment,0,3/5/2009,
8,Robertson Ceco Corporation,305 N. Iris Road,Mt. Pleasant,Henry,IA,52641,Closure,120,4/8/2009,6/7/2009
8,Holcim (US) Inc.,1840 North Federal Avenue,Mason City,Cerro Gordo,IA,50401,Mass Layoff,164,4/2/2009,6/2/2009
8,CNH,1930 Des Moines Avenue,Burlington,Des Moines,IA,,Mass Layoff,150,5/1/2009,7/2/2009
8,Columbus McKinnon Corporation,101 50 Avenue SW,Cedar Rapids,Linn,IA,52404,Amendment,,1/11/2010,3/5/2010
8,Whitesell Corporation,915 East Tyler,Washington,Washington,IA,,mass layoff,91,1/25/2009,1/23/2009
8,Cenevo,2905 Heinrich Drive,Boone,Boone,IA,50036,Closure,52,3/19/2009,5/18/2009
8,Federal Reserve Bank of Chicag,2200 Rittenhouse Street,Des Moines,Polk,IA,50321,Closure,56,11/21/2008,1/29/2009
8,CMC Joist & Deck,1120 Commercial Street,Iowa Falls,Hardin,IA,50126,Amendment,0,2/25/2009,
8,"Frank N. Magid Associates, Inc",One Research Center,Marion,Linn,IA,52302,Closure,76,2/16/2009,4/19/2009
8,CMC Joist & Deck,1120 Commercial Street,Iowa Falls,Hardin,IA,50126,Mass Layoff,109,2/10/2009,4/13/2009
8,"Eagle Ottawa, LLC",4455 Remington Road,Waterloo,Black Hawk,Ia,50703,Amendment,21,11/11/2008,1/10/2009
8,"Eagle Ottawa, LLC",4455 Remington Road,Waterloo,Black Hawk,Ia,50703,Amendment,20,12/15/2008,2/13/2009
8,Target Corporation,1751 Madison Avenue,Council Bluffs,Pottawattamie,Ia,51503,Closure,0,12/8/2008,3/3/2009
8,Lumber Specialties,1700 Beltline Road East,Dyersville,Delaware,Ia,52040,Mass Layoff,50,12/15/2008,12/12/2008
8,Knife River,900 Montgomery Street,Decorah,Winnesheik,Ia,52101,Closure,213,11/25/2008,12/31/2008
8,Nichols Aluminum,,Davenport,Scott,IA,,mass layoff,70,1/22/2009,2/2/2009
8,Cahaba Government Benefit Admi,400 East Court Avenue,Des Moines,Polk,IA,50309,Closure,94,1/29/2009,4/3/2009
8,Clow Valve Company,902 South 2nd Street,Oskaloosa,Wapello,IA,52577,work reduction,,1/16/2009,
8,Citi,699 Walnut Street,Des Moines,Polk,IA,50309,Mass Layoff,177,9/29/2008,11/30/2008
8,Pacon Corporation,1705 West Washington,Mt. Pleasant,Henry,IA,,Mass Layoff,65,2/11/2009,4/10/2009
8,"Atwood Mobile Products, LLC",800 Hwy. 150 South,West Union,Fayette,IA,52175,Closure,125,2/17/2009,4/19/2009
8,"Books Are Fun, Ltd.",1680 Highway 1 North,Farifield,,IA,52556,Closure,108,11/12/2008,11/21/2008
8,"Lennox Industries, Inc.",4301 121st Street,Urbandale,Polk,IA,50323,closure,62,1/27/2009,3/31/2009
8,Eagle Ottawa,4455 Remington Road,Waterloo,Black Hawk,IA,50703,Mass Layoff,18,10/20/2008,12/19/2008
8,"Featherlite, Inc.",816 7th Street West,Cresco,Howard,IA,52136,mass layoff,209,1/14/2009,1/19/2009
8,Norwood Promotional Products,202 F Avenue NW,Cedar Rapids,Linn,IA,52405,Closure,180,9/26/2008,11/29/2008
8,Eagle Ottawa,4455 Remington Road,Waterloo,Black Hawk,IA,50703,Mass Layoff,43,10/2/2008,12/2/2008
8,"Lennox Industries, Inc",P. O. Box 250,Marshalltown,Marshall,IA,50158,Amendment,171,8/29/2008,11/3/2008
8,Northern Engraving,902 Rossville Road,Waukon,Allamakee,IA,52172,Amendment,28,8/4/2008,9/19/2008
8,"Ace Precision Casting, LLC",610 South 12th Avenue,Marshalltown,Marshall,IA,50158,Closure,115,7/21/2008,9/30/2008
8,Citizens Bank Check Encoding G,11 North First Avenue,Marshalltown,Marshall,IA,,,5,9/9/2008,
8,"Sun Microsystems, Inc",1200 35th St.,Des Moines,Polk,IA,50266,Mass Layoff,1,7/9/2008,9/8/2008
8,Siemens,600 Aerosmith Trail,Ames,Story,IA,50010,Closure,67,10/30/2008,1/2/2009
,,,,,,,,,,
9,Columbus McKinnon Corporation,101 50 Avenue SW,Cedar Rapids,Linn,IA,52404,Closure,138,7/27/2009,9/25/2009
9,ACS Federal Solutions,1401 50th Street,West Des Moines,Polk,IA,50265,Mass Layoff,77,7/15/2009,9/30/2009
9,Detroit Tool Metal Products,3212 Crabtree Lane,Ft. Madison,Lee,IA,52627,Amendment,2,8/18/2009,9/4/2009
9,EDS,3600 Army Post Road,Des Moines,Polk,IA,,Mass Layoff,69,7/29/2009,9/29/2009
9,Columbus McKinnon Corporation,101 50 Avenue SW,Cedar Rapids,Linn,IA,52404,Amendment,19,8/5/2009,10/9/2009
9,Gencor Industries Inc.,508 Hwy 18 West,Marquette,Clayton,IA,52158,Mass Layoff,35,8/3/2009,10/1/2009
9,Detroit Tool Metal Products,3212 Crabtree Lane,Ft. Madison,Lee,IA,52627,Amendment,25,7/23/2009,9/4/2009
9,Detroit Tool Metal Products,3212 Crabtree Lane,Fort Madison,Lee,IA,52627,Amendment,,9/21/2009,
9,"Cummins Filtration, Inc.",311 N. Park St.,Lake Mills,Winnebago,IA,50450,Amendment,100,12/11/2009,2/14/2010
9,Terex USA LLC,909 17th Street NE,Cedar Rapids,Linn,IA,52402,Mass Layoff,170,8/6/2009,10/8/2009
9,Wilbert Plastic Services,155 First Street,Winthrop,Buchanan,IA,50682,Closure,,3/16/2010,
9,Harland Clarke Holdings Corp.,3001 SE Convenience Blvd.,Ankeny,Polk,IA,50021,Closure,90,5/25/2010,7/25/2010
9,Windstream Communications,403 West 4th Street North,Newton,Jasper,IA,,Mass Layoff,33,6/2/2010,8/2/2010
9,CDS Global,1995 Avenue G,Red Oak,Montgomery,IA,51566,Closure,209,4/30/2010,6/30/2010
9,First Student,3640 Davenport Avenue,Davenport,Scott,IA,,Closure,145,4/29/2010,6/30/2010
9,Wilbert Plastic Services,155 1st Street,Winthrop,Buchanan,IA,,Amendment,99,5/11/2010,7/16/2010
9,Freudenberg-NOK General Partne,3600 W. Milwaukee,Spencer,Clay,IA,51301,Amendment,29,6/23/2010,9/15/2010
9,AGC Flatglass North America,1220 Imperial Road,Hampton,Franklin,IA,50441,Amendment,1,6/29/2010,10/1/2010
9,Cummins,311 N. Park St.,Lake Mills,Winnebago,IA,50450,Amendment,,3/29/2010,5/31/2010
9,The Swiss Colony,219 East Industrial Street,Dewitt,Clinton,IA,,Closure,66,3/5/2010,12/31/2010
9,"Gencor Industries, Inc.",508 Hwy 18 West,Marquette,Allamake,IA,52158,Mass Layoff,86,3/19/2010,5/18/2010
9,Freudenberg-NOK,3600 W. Milwaukee,Spencer,Clay,IA,51301,Amendment,,4/29/2010,6/30/2010
9,"Cummins Filtration, Inc.",311 N. Park St.,Lake Mills,Winnebago,IA,50450,Mass Layoff,42,9/14/2009,11/15/2009
9,"Tyson Foods, Inc.",2700 23rd Avenue,Council Bluffs,Pottawattmie,IA,51501,Mass Layoff,480,1/22/2010,3/22/2010
9,Columbus McKinnon Corporation,101 50 Avenue SW,Cedar Rapids,Linn,IA,52404,Amendment,,12/2/2009,
9,Terex,909 17th Street NE,Cedar Rapids,Linn,IA,52402,Amendment,,4/20/2010,6/21/2010
9,Black Hawk Foundry and Machine,323 S. Clark Street,Davenport,Scott,IA,52808,Mass Layoff,109,11/12/2009,1/12/2010
9,"Terex USA, LLC",909 17th Street NE,Cedar Rapids,Linn,IA,52402,Amendment,,11/10/2009,
9,Praxis Mid-America,2908 N Court Rd,Ottumwa,Wapello,IA,52501,Closure,48,8/28/2009,11/1/2009
9,First American Real Estate Tax,3451 Hammond Avenue,Waterloo,Black Hawk,IA,,Mass Layoff,34,9/17/2009,11/16/2009
9,First american Default Informa,3451 Hammond Avenue,Waterloo,Black Hawk,IA,,Mass Layoff,38,9/17/2009,11/15/2009
9,"Synovate, Inc.",102 S. Market Street,Ottumwa,Wapello,IA,52501,Closure,84,9/16/2009,11/16/2009
9,"Ready Set Service, LLC",1506 Elmhurst Road,Elk Grove Villa,,Il,60007,Mass Layoff,8,8/18/2009,10/17/2009
9,Freudenberg-NOK,3600 W. Milwaukee,Spencer,Clay,IA,51301,Closure,67,10/14/2009,1/1/2010
9,Detroit Tool Metal Products,3212 Crabtree Lane,Fort Madison,Lee,IA,52627,Amendment,,9/9/2009,
9,The Gates Corporation,2121 Industrial Park,Boone,Boone,IA,50036,Amendment,,9/4/2009,
9,Electrolux,1700 W Second St,Webster City,Hamilton,IA,50595,Closure,63,10/28/2009,12/28/2009
9,Cahaba Government Administrato,400 East Court,Des Moines,Polk,IA,50309,Closure,94,1/29/2010,4/3/2010
9,Hearth & Home Technologies,1915 West Saunders Street,Mt. Pleasant,Henry,IA,52641,Mass Layoff,128,8/19/2009,10/19/2009
,,,,,,,,,,
10,Stream Global Services,102 Sergeant Bluff Drive,Sergeant Bluff,Woodbury,IA,,Mass Layoff,246,3/14/2011,5/15/2011
10,Wells Fargo,800 Walnut Street,Des Moines,Polk,IA,50309,Mass Layoff,3,5/17/2011,6/17/2011
10,Terex,909 17th Street NE,Cedar Rapids,Linn,IA,52402,Amendment,115,7/2/2010,7/12/2010
10,Children & Families of Iowa,,Fort Dodge,Webster,IA,,Mass Layoff,84,4/29/2011,6/30/2011
10,Thomas & Betts,1001 South 2nd Street,Clinton,Clinton,IA,,Closure,139,4/25/2011,5/1/2011
10,Aegon,North Pointe Plaza building 2,Cedar Rapids,Linn,IA,52499,Mass Layoff,4,4/25/2011,7/1/2011
10,Flextronics Americas LLS,Northpark Verizon Retail Store,Davenport,Scott,IA,52806,Mass Layoff,1,5/25/2011,8/31/2011
10,Wells Fargo,800 Walnut Street,Des Moines,Polk,IA,50309,Mass Layoff,103,8/31/2010,8/31/2010
10,Klaussner Home Furnishings,Hyw 71,Milford,Dickenson,IA,51351,Closure,105,6/21/2011,8/20/2011
10,Wells Fargo & Co.,800 Walnut Street,Des Moines,Polk,IA,50309,Amendment,139,3/23/2011,3/23/2011
10,"Budcat Creations, Inc.",332 S. Linn Street,Iowa City,Johnson,IA,52240,Closure,59,11/16/2010,11/16/2010
10,First Fleet,185 50th Ave. SW,Cedar Rapids,Linn,IA,,Mass Layoff,78,11/4/2010,11/8/2010
10,Electrolux,400 Des Moines St,Webster City,Hamilton,IA,50595,Amendment,3,6/28/2011,8/29/2011
10,Electrolux,601 East Central Avenue,Jefferson,Greene,IA,50129,Closure,36,11/19/2010,1/18/2011
10,Wells Fargo,800 Walnut Street,Des Moines,Polk,IA,50309,Mass Layoff,125,11/18/2010,11/17/2010
10,RR Donnelley,400 South 14th Street,Eldridge,Scott,IA,52748,Closure,279,5/31/2011,7/31/2011
10,Well Fargo & Co.,1963 Bell Avenue,Des Moines,Polk,IA,50315,Amendment,142,2/11/2011,4/11/2011
10,Windstream Communications,403 West 4th Street North,Newton,Jasper,IA,50208,Mass Layoff,146,10/7/2010,12/31/2010
10,United HR Direct,3022 Airport Blvd.,Waterloo,Black Hawk,IA,50704,Mass Layoff,52,1/13/2011,3/8/2011
10,Electrolux,400 West Des Moines Street,Webster City,Hamilton,IA,50595,Amendment,173,1/28/2011,3/31/2011
10,Electrolux,400 Des Moines Street,Webster City,Hamilton,IA,50595,Amendment,510,1/27/2011,3/31/2011
10,Wells Fargo & Co.,800 Walnut Street,Des Moines,Polk,IA,50309,Mass Layoff,32,1/14/2011,2/13/2011
10,Crowne Plaza Five Seasons Hote,350 first Avenue NE,Cedar Rapids,Linn,IA,52401,Closure,120,12/10/2010,2/11/2011
10,Hewlett-Packard Company,200 8th Street SW,Clarion,Wright,IA,,Closure,40,7/9/2010,9/3/2010
10,Electrolux,400 Des Moines Street,Webster City,Hamilton,IA,50595,Closure,295,10/28/2010,12/27/2010
10,Ahrens Companies,26 Commercial Drive,Iowa City,Johnson,IA,52244,Closure,110,8/18/2010,8/18/2010
10,"Electrolux Home Products, Inc.",400 Des Moines Street,Webster City,Hamilton,IA,50595,Amendment,4,2/16/2011,4/18/2011
10,"Cummins Filtration, Inc.",311 N. Park St.,Lake Mills,Winnebago,IA,50450,Amendment,206,2/4/2011,4/8/2011
10,United Hrdirect,3022 Airport Blvd.,Waterloo,Black Hawk,IA,50704,Mass Layoff,55,2/22/2011,5/20/2011
10,"Electrolux Home Products, Inc.",400 Des Moines St.,Webster City,Hamilton,IA,50595,Amendment,4,3/10/2011,5/13/2011
10,"Terex USA, LLC",909 17th Street NE,Cedar Rapids,Linn,IA,52402,Amendment,23,3/11/2011,3/21/2011
10,"Electrolux Home Products, Inc.",400 Des Moines Street,webster City,Hamilton,IA,50595,Amendment,1,4/21/2011,6/21/2011
10,Electrolux,400 Des Moines Street,Webster City,Hamilton,IA,50595,Amendment,36,11/10/2010,1/18/2011
10,MetoKote,2320 Northeast Drive,Waterloo,Black Hawk,IA,,Closure,109,10/6/2010,12/22/2010
,,,,,,,,,,
11,Iowa Health Home Care,11333 Aurora Avenue,Urbandale,Polk,IA,50322,Mass Layoff,65,3/7/2012,4/15/2012
11,ING,909 Locust Street,Des Moines,Polk,IA,50309,Mass Layoff,407,6/14/2012,8/15/2012
11,Westec Intelligent Surveillanc,1089 Jordan Creek Parkway,West Des Moines,Polk,IA,,Closure,30,8/22/2011,10/31/2011
11,"Lennox Industries, Inc.",4301 121st Street,Urbandale,Polk,IA,50323,Amendment,5,3/29/2012,5/31/2012
11,"Results Customer Solutions, LL",1900 North Grand Avenue,Spencer,Clay,IA,51301,Mass Layoff,71,3/1/2012,5/1/2012
11,"PCCW Teleservices (US), Inc.",102 South Market Street,Ottumwa,Wapello,IA,52501,Closure,80,1/31/2012,3/31/2012
11,FirstFleet,185 50th SW,Cedar Rapids,Linn,IA,52404,Mass Layoff,64,1/12/2012,2/3/2012
11,"Electrolux Home Products, Inc.",400 Des Moines Street,Webster City,Hamilton,IA,50595,Amendment,1,12/5/2011,2/3/2012
11,"MVM, Inc.",44620 Guilford Drive,Ashburn,,VA,20147,Mass Layoff,59,3/22/2012,6/1/2012
11,Wells Fargo,1693 Bell Avenue,Des Moines,Polk,IA,50315,Mass Layoff,79,7/13/2011,9/11/2011
11,Nemschoff,402 14th Street NE,Sioux Center,Sioux,IA,51250,Closure,110,5/30/2012,7/29/2012
11,Electrolux,400 Des Moines St,Webster City,Hamilton,IA,50595,Amendment,3,7/29/2011,9/30/2011
11,"KBR, Inc",1251 Beaver Channel Parkway,Clinton,Clinton,IA,52732,Mass Layoff,119,7/7/2011,7/22/2011
11,Larson Manufacturing Company,2109 4th Ave. South,Clear Lake,Cerro Gordo,IA,50428,Closure,99,11/8/2011,1/7/2012
11,"Bosselman Travel Centers, Inc.",3231 Adventureland Drive,Altoona,Polk,IA,50009,Closure,56,11/4/2011,1/5/2012
11,"Tyson Foods, Inc.",2101 S. 29th Street,Council Bluffs,Pottawattamie,IA,51501,Mass Layoff,171,7/27/2011,9/30/2011
11,"Delta Air Lines, Inc.",607 4th Street,Sioux City,Woodbury,IA,51101,Closure,164,5/21/2012,9/1/2012
11,Electrolux,1700 West Second Street,Webster City,Hamilton,IA,50595,Amendment,5,10/28/2011,12/29/2011
11,"Tyson Foods, Inc",2101 S. 29th Street,Council Bluffs,Pottawattamie,IA,51501,Amendment,,9/22/2011,11/18/2011
11,Lennox,4301 121st Street,Urbandale,Polk,IA,50323,Amendment,10,5/31/2012,7/31/2012
11,ConAgra Foods,2201 Washington St,Hamburg,Fremont,IA,51604,Mass Layoff,95,8/10/2011,10/14/2011
11,"McGraw-Hill Companies, Inc",7500 Chavenelle Road,Dubuque,Dubuque,IA,52002,Closure,52,12/8/2011,2/6/2012
11,"Beef Products, Inc.",501 N Elk Road,Waterloo,Black Hawk,IA,50703,Closure,216,3/26/2012,5/25/2012
,,,,,,,,,,
12,ING,5900 Aurora Avenue,Des Moines,Polk,IA,50322,Mass Layoff,50,5/7/2013,
12,Electrolux Home Products,1700 West Second Street,Webster City,Hamilton,IA,50595,Amendment,17,5/17/2013,7/17/2013
12,Electrolux Home Products,1700 West Second Street,Webster City,Hamilton,IA,,Amendment,3,5/20/2013,7/19/2013
12,Lennox,4301 121st Street,Urbandale,Polk,IA,50323,Amendment,,6/13/2013,6/21/2013
12,Iowa Health Home Care,11333 Aurora Avenue,Urbandale,Polk,IA,50322,Mass Layoff,60,7/12/2012,9/1/2012
12,"Elecrolux Home Products, Inc.",1700 West Second Street,Webster City,Hamilton,IA,50595,Amendment,1,6/4/2013,8/2/2013
12,Iowa Health Home Care,11333 Aurora Avenue,Urbandale,Polk,IA,50322,Mass Layoff,46,9/17/2012,11/1/2012
12,Cargill Kitchen Solutions,500 SE Third Street,Panora,Guthrie,IA,50216,Closure,50,11/30/2012,2/1/2013
12,IC Systems,858 Calmus Court,Mason City,Cerro Gordo,IA,,Closure,94,12/3/2012,2/1/2013
12,QuadGraphics,2470 Kerper Blvd.,Dubuque,Dubuque,IA,52001,Closure,216,1/9/2013,3/11/2013
12,"Lennox Industries, Inc",4301 121st Street,Urbandale,Polk,IA,50323,Amendment,30,2/28/2013,4/30/2013
12,"Electrolux Home Products, Inc",1700 West Second Street,Webster City,Hamilton,IA,50595,Amendment,2,3/18/2013,5/20/2013
12,"Electrolux Home Products, Inc",1700 West Second Street,Webster City,Hamilton,IA,50595,Amendment,12,3/18/2013,5/15/2013
12,CBE Group,1031 Office Park Road,West Des Moines,Polk,IA,50265,Closure,109,4/10/2013,6/12/2013
12,Electrolux Home Products,1700 West Second Street,Webster City,Hamilton,IA,50595,Amendment,9,4/12/2013,6/12/2013
12,Eagle Iron Works,129 East Holcomb Avenue,Des Moines,Polk,IA,50313,Closure,100,8/13/2012,10/15/2012
12,Lennox,4301 121st Street,Urbandale,Polk,IA,50323,Amendment,,4/29/2013,4/30/2013
12,Georgia-Pacific,823 N. Cedar St.,Monticello,Jones,IA,52310,Amendment,1,7/9/2012,9/7/2012
12,"Clipper Windposer, LLC",4601 Bowling Street SW,Cedar Rapids,Linn,IA,52404,Mass Layoff,10,10/16/2012,10/16/2012
12,Siemens,2597 Highway 61,Fort Madison,Lee,IA,52627,Mass Layoff,407,9/19/2012,11/19/2012
12,AdvancePierre Foods,,Orange City,Sioux,IA,,Closure,143,10/17/2012,12/28/2012
12,Lennox,4301 121st Street,Urbandale,Polk,IA,50323,Amendment,18,9/19/2012,11/30/2012
12,Lennox,4301 121st Street,Urbandale,Polk,IA,50323,Amendment,9,8/31/2012,10/31/2012
12,Regional Elite,Eastern Iowa Airport,Cedar Rapids,Linn,IA,52402,Closure,66,8/31/2012,11/6/2012
12,Lennox,4301 121st Street,Urbandale,Polk,IA,50323,Amendment,11,11/30/2012,1/25/2013
12,"Clipper Windpower, LLC",4601 Bowling Street SW,Cedar Rapids,Linn,IA,52404,Mass Layoff,76,8/20/2012,8/20/2012
12,Lennox,4301 121st Street,Urbandale,Polk,IA,50323,Amendment,5,7/30/2012,9/28/2012
12,Lennox,4301 121st Street,Urbandale,Polk,IA,50323,Amendment,9,8/31/2012,10/31/2012
12,Regional Elite,Des Moines International Airport,Des Moines,Polk,IA,50307,Closure,79,8/31/2012,11/6/2012
,,,,,,,,,,
13,"Electrolux Home Products, Inc.",1700 West Second Street,Webster City,Hamilton,IA,50595,Amendment,9,8/5/2013,10/4/2013
13,Pioneer Hi-Bred International,7100 N.W. 62nd Avenue,Johnston,Polk,IA,50131,Mass Layoff,19,6/13/2014,8/16/2014
13,Evergreen Packaging,1500 South 14th Street,Clinton,Clinton,IA,52732,Closure,112,6/30/2014,9/1/2014
13,"Electrolux Home Products, Inc.",1700 West Second Street,Webster City,Hamilton,IA,50595,Amendment,1,6/28/2013,8/30/2013
13,"Electrolux Home Products, Inc.",1700 West Second Street,Webster City,Hamilton,IA,50595,Amendment,6,8/19/2013,10/18/2013
13,"Electrolux Home Products, Inc.",1700 West Second Street,Webster City,Hamilton,IA,50595,Amendment,3,8/28/2013,11/1/2013
13,"Electrolux Home Products, Inc.",1700 West Second Street,Webster City,Hamilton,IA,50595,Amendment,2,10/31/2013,12/31/2013
13,"Electrolux Home Products, Inc.",1700 West Second Street,Webster City,Hamilton,IA,50595,Amendment,1,11/19/2013,1/17/2014
13,"Premium Pet Health, LLC",101 Virginia Street,Sioux City,Woodbury,IA,51101,Closure,45,11/21/2013,1/31/2014
13,"Premium Pet Health, LLC",101 Virginia Street,Sioux City,Woodbury,IA,51101,Amendment,0,1/27/2014,2/21/2014
13,Hillshire Brands,315 Vilas Rd,Strom Lake,Buena Vista,IA,50588,Temporary Closu,542,4/2/2014,3/26/2014
13,Convergys,102 Sergeant Square Drive,Sergeant Bluff,Woodbury,IA,51504,Mass Layoff,152,5/21/2014,7/28/2014
13,Pioneer Hi-Bred International,7100 N. W. 62nd Avenue,Johnston,Polk,IA,50131,Amendment,8,6/20/2014,8/19/2014
13,Pioneer Hi-Bred International,7100 N. W. 62nd Avenue,Johnston,Polk,IA,50131,Mass Layoff,8,5/29/2014,7/29/2014
13,"Bimbo Bakeries USA, Inc.",1500 N. Highway 75,Sioux City,Woodbury,IA,51105,Closure,93,1/31/2014,4/1/2014
13,Pioneer Hi-Bred International,505 N. Harvey Road,Mount Pleasant,Henry,IA,52641,Closure,56,5/14/2014,7/16/2014
13,"Griffin Pipe Products, LLC",2601 9th Ave,Council Bluffs,Pottawattamie,IA,51501,Closure,255,3/3/2014,5/3/2014
13,"Premium Pet Health, LLC",101 Virginia Street,Sioux City,Woodbury,IA,51101,Amendment,4,2/21/2014,4/4/2014
13,American TV & Appliance of Mad,5355 NW 86th Street,Johnston,Polk,IA,50131,Closure,75,2/17/2014,4/19/2014
13,American TV & Appliance of Mad,4800 Elmore Avenue,Davenport,Scott,IA,52807,Closure,83,2/17/2014,4/19/2014
13,"Electrolux Home Products, Inc.",1700 West Second Street,Webster City,Hamilton,IA,50595,Amendment,1,2/14/2014,4/15/2014
13,"Electrolux Home Products, Inc",1700 West Second Street,Webster,Hamilton,IA,50595,Amendment,1,2/11/2014,4/14/2014
,,,,,,,,,,
14,Pioneer Hi-Bred International,7100 N. W. 62nd Avenue,Johnston,Polk,IA,50131,Mass Layoff,2,12/18/2014,2/17/2015
14,Pioneer Hi-Bred International,7100 N.W. 62nd Avenue,Johnston,Polk,IA,50131,Mass Layoff,4,3/20/2015,5/19/2015
14,Pioneer Hi-Bred International,7100 N.W. 62nd Avenue,Johnston,Polk,IA,50131,Mass Layoff,6,1/29/2015,3/31/2015
14,Pioneer Hi-Bred International,7100 N.W. 62nd Avenue,Johnston,Polk,IA,50131,Mass Layoff,15,1/16/2015,3/17/2015
14,John Deere Des Moines Works,825 SW Irvinedale Drive,Ankeny,Polk,IA,50023,Mass Layoff,287,1/23/2015,3/2/2015
14,John Deere Waterloo Works,3500 E. Donald Street,Waterloo,Black Hawk,IA,50704,Mass Layoff,565,1/27/2015,3/25/2015
14,"Five Star Quality Care, Inc.",114 East Green Street,Glenwood,Mills,IA,51534,Closure,200,12/15/2014,2/13/2015
14,Pioneer Hi-Bred International,7100 N.W. 62nd Avenue,Johnston,Polk,IA,50131,Mass Layoff,3,2/20/2015,4/21/2015
14,Pioneer Hi-Bred International,7100 N.W. 62nd Avenue,Johnston,Polk,IA,50131,Mass Layoff,1,2/27/2015,4/16/2015
14,John Deere Waterloo Works,3500 E Donald Street,Waterloo,Black Hawk,IA,50704,Amendment,499,3/6/2015,4/3/2015
14,Pioneer Hi-Bred International,7100 N.W. 62nd Avenue,Johnston,Polk,IA,50131,Mass Layoff,1,3/10/2015,5/12/2015
14,Pioneer Hi-Bred International,7100 N.W. 62nd Avenue,Johnston,Polk,IA,50131,Mass Layoff,1,3/25/2015,5/26/2015
14,Donaldson Filtration Solutions,201 east Street South,Grinnell,Poweshiek,IA,,Mass Layoff,75,12/10/2014,1/1/2015
14,"Tysons Deli, Inc.",1300 South Lake Street,Chreokee,Cherokee,IA,51012,Closure,444,7/25/2014,9/27/2014
14,IPSCO Tubulars Inc.,2011 7th Avenue,Camanche,Clinton,IA,52730,Mass Layoff,88,3/4/2015,5/6/2015
14,Hewlett-Packard Company,3600 Army Post Road,Des Moines,Polk,IA,,Mass Layoff,5,11/13/2014,11/14/2014
14,"Electrolux Home Products, Inc.",1700 West Secon Street,Webster City,Hamilton,IA,50595,Amendment,1,10/29/2014,12/31/2014
14,Pioneer Hi-Bred International,7100 N. W. 62nd Avenue,Johnston,Polk,IA,50131,Mass Layoff,4,10/29/2014,12/30/2014
14,Pioneer Hi-Bred International,7100 N. W. 62nd Avenue,Johnston,Polk,IA,50131,Mass Layoff,5,10/24/2014,12/23/2014
14,Hewlett-Packard Company,3600 Army Post Road,Des Moines,Polk,IA,,Mass Layoff,32,10/23/2014,10/24/2014
14,Cummins Filtration,311 North Park,Lake Mills,Winnebago,IA,50450,Amendment,1,10/15/2014,12/31/2014
14,Pioneer Hi-Bred International,7100 N. W. 62nd Avenue,Johnston,Polk,IA,50131,Mass Layoff,15,10/10/2014,12/9/2014
14,Pioneer Hi-Bred International,7100 N. W. 62nd Avenue,Johnston,Polk,IA,50131,Amendment,16,10/3/2014,12/2/2014
14,Pioneer Hi-Bred International,7100 N. W. 62nd Avenue,Johnston,Polk,IA,50131,Amendment,4,9/26/2014,11/25/2014
14,Pioneer Hi-Bred International,7100 N. W. 62nd Avenue,Johnston,Polk,IA,50131,Amendment,1,7/31/2014,9/30/2014
14,Pioneer Hi-Bred International,7100 N.W. 62nd Avenue,Johnston,Polk,IA,50131,Mass Layoff,1,4/21/2015,6/23/2015
14,Pioneer Hi-Bred International,7100 N. W. 62nd Avenue,Johnston,Polk,IA,50131,Mass Layoff,1,7/22/2014,8/26/2014
14,Pioneer Hi-Bred International,7100 N. W. 62nd Avenue,Johnston,Polk,IA,50131,Mass Layoff,11,7/11/2014,9/9/2014
14,Hewlett-Packard Company,3600 Army Post Road,Des Moines,Polk,IA,,Mass Layoff,44,7/10/2014,7/25/2014
14,Pioneer Hi-Bred International,7100 N. W. 62nd Avenue,Johnston,Polk,IA,50131,Amendment,2,9/12/2014,11/16/2014
14,"Daybreak Foods, Inc.",3159 Buchanan Avenue,Eagle Grove,Wright,IA,50533,Mass Layoff,60,6/4/2015,6/5/2015
14,AIB College of Business,2500 Fleur Drive,Des Moines,Polk,IA,50321,Closure,17,4/6/2015,6/8/2015
14,Kinze,2172 M Avenue,Williamsburg,Iowa,IA,52361,Mass Layoff,215,6/25/2015,6/25/2015
14,"Bushwacker Automotive Group, L",1924 S. Washington Blvd.,Camanche,Clinton,IA,52730,Mass Layoff,52,6/25/2015,8/24/2015
14,Buccaneer Computer Systems & S,1401 50th Street,West Des Moines,Polk,IA,50266,Mass Layoff,145,6/25/2015,8/25/2015
14,"Electrolux Home Products, Inc.",1700 West Second Street,Webster City,Hamilton,IA,50595,Amendment,1,4/8/2015,6/6/2015
14,"Bridgepoint Education, Inc.",Iowa Campus,Clinton,Clinton,IA,52732,Mass Layoff,5,6/16/2015,8/17/2015
14,AIB College of Business,2500 Fluer Drive,Des Moines,Polk,IA,50321,Amendment,10,6/29/2015,9/1/2015
14,Pioneer Hi-Bred International,7100 N.W. 62nd Avenue,Johnston,Polk,IA,50131,Amendment,1,6/3/2015,8/4/2015
14,"RW Constructors, LLC",3548 180th Street,Weaver,Lee,IA,52658,Mass Layoff,1606,4/22/2015,4/17/2015
14,Nationwide Advantage Mortgage,1100 Locust Street,Des Moines,Polk,IA,,Mass Layoff,121,5/14/2015,7/13/2015
14,IPSCO Tubulars Inc.,2011 7th Avenue,Camanche,Clinton,IA,52730,Mass Layoff,80,5/6/2015,7/7/2015
14,Pioneer Hi-Bred International,7100 N.W.62nd Avenue,Johnston,Polk,IA,50131,Amendment,6,5/5/2015,6/29/2015
14,AIB College of Business,2500 Fleur Drive,Des Moines,Polk,IA,50321,Amendment,7,4/30/2015,7/6/2015
14,Northrup Grumman Corporation,7105 NW 70th Avenue,Johnston,Polk,IA,50131,Mass Layoff,59,4/29/2015,6/29/2015
14,Fansteel Wellman Dynamics,1746 Commerce Road,Creston,Union,IA,50801,Mass Layoff,50,4/28/2015,5/28/2015
14,AIB College of Business,2500 Fleur Drive,Des Moines,Polk,IA,50321,Amendment,1,5/28/2015,6/12/2015
14,AIB College of Business,2500 Fluer Drive,Des Moines,Polk,IA,50321,Amendment,11,6/18/2015,8/22/2015
,,,,,,,,,,
15,Eaton Corporation,32nd Avenue,Spencer,Clay,IA,51301,Mass Layoff,23,6/1/2016,8/1/2016
15,"Schenker, Inc.",160 Fawcett Dr,West Brach,Cedar,IA,52358,Amendment,71,12/8/2015,2/7/2016
15,All American Homes,1551 15th Street,Dyersville,Delaware,IA,52040,Closure,81,5/3/2016,5/13/2016
15,"Schenker, Inc.",5405 Heinze Rd,Iowa City,Johnson,IA,52240,Amendment,58,1/5/2016,3/5/2016
15,Pioneer Hi-Bred International,7100 N.W. 62nd Ave,Johnston,Polk,IA,50131,Mass Layoff,30,12/23/2015,2/16/2016
15,Keokuk Steel Castings,3972 Main Street,Keokuk,Lee,IA,52632,Closure,182,12/9/2015,2/15/2016
15,Pioneer Hi-BrPioneer Hi-Bred Internationaled,7100 N.W. 62nd Ave,Johnston,Polk,IA,50131,Mass layoff,1,12/23/2015,2/2/2016
15,Pearson,2510 Dodge Street,Iowa City,Johnson,IA,52245,Amendment,47,6/7/2016,7/10/2016
15,New Link Genetics,2503 South Loop Drive,Ames,Story,IA,50010,Mass Layoff,87,5/25/2016,7/24/2016
15,Modine Manufacturing,1100 East 7th,Washington,Washington,IA,52353,Closure,60,5/13/2016,7/14/2016
15,Modine Manufacturing,1100 East 7th Street,Washington,Washington,IA,52353,Amendment,1,5/23/2016,7/27/2016
15,BridgePoint Ashford University,400 North Bluff Blvd.,Clinton,Clinton,IA,52732,Amendment,30,5/31/2016,7/31/2016
15,Packers Sanitation Services Inc - PSSI,1800 Maury Street,Des Moines,Polk,IA,50317,Mass Layoff,15,5/7/2016,6/1/2016
15,Pioneer Hi-Bred International,7100 NW 62nd Avenue,Johnston,Polk,IA,50131,Amendment,1,5/25/2016,7/29/2016
15,AIB College of Business,2500 Fleur Drive,Des Moines,Polk,IA,50321,Amendment,6,7/28/2015,10/1/2015
15,Sears Holdings Company,1111 Army Post Road,Des Moines,Polk,IA,50315,Closure,39,5/2/2016,8/8/2016
15,Pioneer Hi-Bred International,7100 NW 62nd Avenue,Johnston,Polk,IA,50131,Amendment,1,5/10/2016,7/11/2016
15,MAG Retail Group,13225 Circle Drive,Anamosa,Jones,IA,52205,Mass Layoff,158,7/28/2015,9/30/2015
15,"Daybreak Foods, Inc.",,Eagle Grove,Wright,IA,50533,Amendment,3,7/8/2015,6/25/2015
15,Citigroup Inc.,4740 121st Street,Urbandale,Polk,IA,50323,Mass Layoff,325,7/1/2015,3/11/2015
15,Pioneer Hi-Bred International,7100 N.W. 62nd Ave,Johnston,Polk,IA,50131,Mass Layoff,46,1/26/2016,3/23/2016
15,Berry Plastics,1036 Industrial Park Road,Iowa Falls,Hardin,IA,50126,Closure,51,7/7/2015,9/7/2015
15,WestRock,2561 Independence Rd.,Iowa City,Johnson,IA,52240,Closure,50,7/17/2015,9/30/2015
15,Pioneer Hi-Bred International,7100 N.W. 62nd Avenue,Johnston,Polk,IA,50131,Amendment,1,7/17/2015,9/16/2015
15,Pioneer Hi-Bred International,7100 N.W. 62nd Avenue,Johnston,Polk,IA,50131,Amendment,6,8/10/2015,9/29/2015
15,Pioneer Hi-Bred International,7100 N.W. 62nd Avenue,Johnston,Polk,IA,50131,Amendment,6,7/24/2015,9/29/2015
15,BridgePoint Ashford University,400 North Bluff Blvd,Clinton,Clinton,IA,52732,Mass Layoff,12,11/19/2015,1/19/2016
15,"Schenker, Inc.",5405 Heinze Road,Iowa City,Johnson,IA,52240,Mass Layoff,77,8/5/2015,10/7/2015
15,Sears Holdings Corporation,1720 S Federal Ave,Mason City,Cerro Gordo,IA,50401,Closure,25,8/5/2015,11/15/2015
15,Northrup Grumman Corporation,7105 NW 70th Avenue,Johnston,Polk,IA,50131,Amendment,57,9/10/2015,9/30/2015
15,"Tyson Foods, Inc.",2490 Lincoln Way,Denison,Crawford,IA,51442,Closure,404,8/14/2015,8/14/2015
15,GENCO,3805 6th Street SW,Cedar Rapids,Linn,IA,52404,Closure,98,9/21/2015,12/5/2015
15,"Ocwen Loan Servicing, LLC",3451 Hammond Ave,Waterloo,Blackhawk,IA,50702,Mass Layoff,287,9/24/2015,11/27/2015
15,Eaton Corporation,1600 Airport Rd.,Shenandoah,Page,IA,51601,Mass Layoff,71,10/5/2015,12/4/2015
15,"Daybreak Foods, Inc.",,Eagle Grove,Wright,IA,50533,Mass Layoff,55,7/21/2015,7/22/2015
15,Modine Manufacturing,1100 East 7th Street,Washington,Washington,IA,52353,Amendment,31,7/22/2016,9/23/2016
15,Pioneer Hi-Bred International,7100 N.W. 62nd Ave,Johnston,Polk,IA,50131,Amendment,9,3/14/2016,5/10/2016
15,Schulte Hospitatlity Group,401 Locust Street,Des Moines,Polk,Ia,50309,Mass Layoff,80,6/14/2016,8/7/2016
15,Modine Manufacturing,1100 East 7th Street,Washington,Washington,Ia,52353,Amendment,2,6/15/2016,8/15/2016
15,Applegate Livestock Equipment,1505 N Elm Street,Jefferson,Greene,Ia,50129,Amendment,6,6/10/2016,7/31/2016
15,BridgePoint Ashford University,400 North Bluff Blvd.,Clinton,Clinton,Ia,52732,Amendment,9,6/17/2016,8/16/2016
15,BridgePoint Ashford University,400 North Bluff Blvd.,Clinton,Clinton,Ia,52732,Amendment,25,6/20/2016,8/19/2016
15,SC Data Center,1801 South 21st Street,Clinton,Clinton,IA,52732,Closure,316,3/2/2016,10/1/2016
15,XPO Logistics,3440 Gannett Ave,Des Moines,Polk,IA,50321,Mass Layoff,97,1/22/2016,3/23/2016
15,Pioneer Hi-Bred International,7100 N.W. 62nd Ave,Johnston,Polk,IA,50131,Amendment,9,2/26/2016,4/26/2016
15,Pearson,2510 Dodge Street,Iowa City,Johnson,Ia,52245,Amendment,4,6/23/2016,7/21/2016
15,Keokuk Steel Castings,3972 Main Street,Keokuk,Lee,IA,52632,Amendment,60,1/25/2016,3/31/2016
15,Pioneer Hi-Bred International,7100 N.W. 62nd Ave,Johnston,Polk,IA,50131,Amendment,5,3/4/2016,5/3/2016
15,Eaton Corporation,1600 Airport Road,Shenandoah,Page,IA,51601,Mass layoff,260,2/8/2016,4/8/2016
15,Wells Fargo,800 S. Jordan Creek Parkway,West Des Moines,Polk,IA,50266,Amendment,19,7/13/2016,9/11/2016
15,Applegate Livestock Equipment,1505 N Elm Street,Jefferson,Greene,IA,50129,Amendment,0,7/14/2016,8/12/2016
15,Pioneer Hi-Bred Internatioanl,7100 NW 62nd Aven,Johnston,Polk,IA,50131,Amendment,6,7/1/2016,8/30/2016
15,Pioneer Hi-Bred International,7100 N.W. 62nd Ave,Johnston,Polk,IA,50131,Mass Layoff,36,2/4/2016,3/29/2016
15,Terex Cranes,106 12th Street SE,Waverly,Bremer,IA,50677,Closure,155,7/1/2016,9/19/2016
15,Commercial Vehicle Group,200 N Locust Street,Edgewood,Delaware,IA,52042,Closure,71,3/1/2016,6/1/2016
15,Sears Holding Company,1111 SE Army Post Road,Des Moines,Polk,IA,50315,Amendment,3,5/2/2016,8/8/2016
15,Pioneer Hi-Bred International,7100 N.W. 62nd Ave,Johnston,Polk,IA,50131,Amendment,4,2/22/2016,4/19/2016
15,Kinze,2172 M Ave PO Box 806,Williamsburg,Iowa,IA,52361,Mass Layoff,110,4/18/2016,6/18/2016
15,Modine Manufacturing,1100 East 7th Street,Washington,Washington,IA,52353,Amendment,2,7/20/2016,9/23/2016
15,Edaptive Systems,"4900 University Avenue, Suite 200",West Des Moines,Polk,IA,50266,Mass Layoff,13,4/25/2016,6/30/2016
15,John Deere Davenport Works,P.O. Box 4198,Davenport,Scott,IA,52807,Mass Layoff,56,5/6/2016,6/10/2016
15,Rockwell Collins,400 Collins Road NE,Cedar Rapids,Linn,IA,52498,Amendment,1,5/2/2016,6/3/2016
15,John Deere Ottumwa Works,928 East Vine Street,Ottumwa,Wapello,IA,52501,Mass Layoff,36,4/29/2016,5/31/2016
15,Blumenthal Lansing,1929 Main Street,Lansing,Allamakee,IA,52151,Closure,64,5/17/2016,7/29/2016
15,Corizon Health,1985 NE 51st Street Place,Des Moines,Polk,IA,50313,Mass Layoff,57,4/29/2016,6/30/2016
15,Wells Fargo,800 S. Jordan Creek Pkwy,West Des Moines,Polk,IA,50266,Mass Layoff,13,4/20/2016,6/20/2016
15,Blumenthal Lansing,1929 Main Street,Lansing,Allamakee,Ia,52151,Amendment,64,6/13/2016,8/12/2016
15,AIB College of Business,2500 Fluer Drive,Des Moines,Iowa,IA,50321,Amendment,17,4/27/2016,7/1/2016
15,AIB College of Business,2500 Fleur Drive,Des Moines,Polk,IA,50321,Closure,47,3/24/2016,6/1/2016
15,Keokuk Steel Castings,3972 Main Street,Keokuck,Lee,IA,52632,Amendment,139,1/18/2016,3/31/2016
15,Pioneer Hi-Bred International,7100 N.W. 62nd Ave,Johnston,Polk,IA,50131,Amendment,30,1/18/2016,3/16/2016
15,Pioneer Hi-Bred International,7100 N.W. 62nd Ave,Johnston,Polk,IA,50131,Amendment,34,1/12/2016,3/8/2016
15,Verizon Corporate Resporces G,500 2nd Avenue SE,Cedar Rapids,Linn,IA,52401,Mass Layoff,102,7/16/2015,9/13/2015
15,Gerdau - Wilton Mill,1500 West Third Street,Wilton,Muscatine,Ia,52778,Mass Layoff,15,6/23/2016,7/23/2016
15,Sears Holdings,7100 Westown Parkway,West Des Moines,Polk,IA,50266,Closure,162,3/29/2016,5/30/2016
15,Applegate Livestock Equipment,1505 N Elm Street,Jefferson,Greene,IA,50129,Closure,6,4/27/2016,6/30/2016
15,Pioneer Hi-Bred International,7100 N.W. 62nd Ave,Johnston,Polk,IA,50131,Amendment,8,3/29/2016,5/24/2016
15,Pioneer Hi-Bred International,7100 N.W. 62nd Ave,Johnston,Polk,IA,50131,Amendment,1,4/8/2016,6/16/2016
15,The Fresh Market,"5901 Mills Civic Parkway, Suite 4130",West Des Moines,Polk,IA,50266,Closure,86,5/4/2016,6/18/2016
15,"Lime Springs Beef, LLC",4614 US-63,Lime Springs,Howard,IA,52155,Closure,71,6/24/2016,5/27/2016
15,"Schenker, Inc.",160 Fawcett Drive,West Branch,Johnson,IA,52358,Amendment,4,4/14/2016,6/15/2016
15,Pioneer Hi-Bred International,7100 N.W. 62nd Ave,Johnston,Polk,IA,50131,Amendment,8,4/5/2016,5/31/2016
15,Hillcrest,2505 Wilbricht Lane,Dubuque,Dubuque,IA,52001,Closure,56,4/6/2016,6/8/2016
15,Pioneer Hi-Bred International,7100 N.W. 62nd Ave,Johnston,Polk,IA,50131,Amendment,9,4/7/2016,5/31/2016
,,,,,,,,,,
16,Americold Logistics,6875 State Street,Bettendorf,Scott,IA,52722,Closing,43,2/24/2017,4/1/2017
16,Raining Rose,"100 30th Street Drive, SE",Cedar Rapids,Linn,IA,52403,Mass Layoff,49,2/22/2017,3/24/2017
16,HGS,131 Tower Park Drive #300,Waterloo,Blackhawk,IA,50701,Closure,129,1/1/2017,3/3/2017
16,Rockwell Collins,400 Collins Road NE,Cedar Rapids, Linn,IA,52498,Amendment,1,2/6/2017,3/10/2017
16,Ridgeway Place,155 E. Ridgeway Ave.,Waterloo,Blackhawk,IA,50702,Closure,33,1/5/2017,3/1/2017
16,Rockwell Collins,400 Collins Road NE,Cedar Rapids,Linn,IA,52498,Layoff,4,12/22/2016,1/27/2017
16,Rockwell Collins,400 Collins Road NE,Cedar Rapids,Linn,IA,52498,Layoff,69,12/22/2016,2/24/2017
16,Central Iowa Healthcare,55 Central Iowa Drive,Marshalltown,Marshall,IA,50158,Closure,529,12/20/2016,3/1/2017
16,Noridian Healthcare Solutions,100 Army Post Road,Des Moines,Polk,IA,50315,Mass Layoff,8,8/4/2016,9/5/2016
16,Eaton Corporation,700 Luicks Lane,Belmond,Wright,IA,50421,Mass Layoff,23,8/2/2016,8/31/2016
16,The Abbey of LeMars,320 1st Avenue SE,LeMars,Plymouth,IA,51031,Closure,32,12/23/2016,2/1/2017
16,Security Industry Specialists,100 Share Way NW,Altoona,Polk,IA,50009,Mass Layoff,98,12/31/2017,1/31/2017
16,John Deere Waterloo Works,3500 E. Donald Street,Waterloo,Black Hawk,IA,50704,Mass Layoff,115,8/22/2016,9/26/2016
16,Rockwell Collins,400 Collins Road NE,Cedar Rapids,Linn,IA,52498,Layoff,8,2/28/2017,3/31/2017
16,Rockwell Collins,400 Collins Road NE,Cedar Rapids,Linn,IA,52498,Layoff,25,10/10/2016,11/16/2016
16,Modine Manufacturing,1100 East 7th Street,Washington,Washington,IA,52323,Amendment,58,10/17/2016,12/16/2016
16,Webster City Medical,1610 Collins Street,Webster City,Hamilton,IA,50595,Closure,5,8/5/2016,9/30/2016
16,Blumenthal Lansing,1929 Main Street,Lansing,Allamakee,IA,52151,Amendment,64,8/11/2016,8/17/2016
16,Modine Manufacturing,1100 East 7th Street,Washington,Washington,IA,52353,Amendment,41,8/12/2016,10/14/2016
16,Best Buy,3115 Manawa Center Drive,Council Bluffs,Pottawattamie,IA,51501,Closure,43,8/15/2016,10/29/2016
16,Eaton Corporation,32nd Avenue,Spencer,Clay,IA,51501,Amendment,21,8/15/2016,10/17/2016
16,Guide One Mutual Insurance,1111 Ashworth Road,West Des Moines,Polk,IA,50265,Mass Layoff,83,8/5/2016,11/1/2016
16,"International Automotive Components, IAC",2500 Highway 6 East,Iowa City,Johnson,IA,52240,Mass Layoff,460,10/21/2016,12/23/2016
16," Stafanini, Inc.",1010 Kimberly Rd. #1,Davenport,Scott,IA,52807,Mass Layoff,177,9/23/2016,11/22/2016
16,"Premier Brick & Stone, Inc.",205 S. 35th Street,Bettendorf,Scott,IA,52722,Closing,25,10/31/2016,10/25/2016
16,Blumenthal Lansing,1929 Main Street,Lansing,Allamakee,IA,52151,Amendment,64,8/18/2016,9/2/2016
16,Commercial Vehicle Group,301 Spruce Street,Monona,Clayton,IA,52159,Closure,125,8/24/2016,10/1/2016
16,Modine Manufacturing,1100 East 7th Street,Washington,Washington,IA,52353,Amendment,3,8/29/2016,11/1/2016
16,Modine Manufacturing,1100 East 7th Street,Washington,Washington,IA,52353,Amendment,1,9/16/2016,11/18/2016
16,Modine Manufacturing,1100 East 7th Street,Washington,Washington,IA,52353,Amendment,1,9/27/2016,12/1/2016
16,Blumenthal Lansing,1929 Main Street,Lansing,Allamakee,IA,52151,Amendment,64,9/1/2016,11/4/2016
16,"Jacobson Warehouse Co., XPO Logistics",3440 Gannett Avenue,Des Moines,Polk,IA,50321,mass alyoff,37,9/30/2016,10/31/2016
16,Met Life,4700 Westown Parkway,West Des Moines,Polk,IA,50266,Mass Layoff,34,9/28/2016,10/31/2006
16,Hewlett-Packard Company,3600 Army Post Road,Des Moines,Polk,IA,50321,Mass Layoff,32,9/30/2016,10/31/2016
16,John Deere Davenport Works,P.O.Box 4198,Davenport,Scott,IA,52807,Mass Layoff,30,8/22/2016,9/30/2016
16,Maquoketa Web Printing,1287 Maple Street,Maquoketa,Jackson,IA,52060,Mass Layoff,42,3/16/2017,4/16/2017
16,Modine Manufacturing,1100 East 7th Street,Washington,Washington,IA,52323,Amendment,0,9/30/2016,11/16/2016
16,Transamerica Life Ins.,6400 C. Street SW,Cedar Rapids,Linn,IA,52499,Mass Layoff,75,12/2/2016,2/3/2017
16,Transamerica Life Ins.,4333 Edgewood Rd. NE,Cedar Rapids,Linn,IA,52499,Mass Layoff,44,12/2/2016,2/3/2017
16,Rose Publishing,17909 Adria Maru Lane,Carson,Sioux,CA,90746,Layoff,1,2/15/2017,4/15/2017
16,Rockwell Collins,400 Colllins Road NE,Cedar Rapids,Linn,IA,52498,Amendment,4,2/20/2017,3/24/2017
16,General Dynamics Information Technology,2400 Oakdale Blvd.,Coralville,Johnson,IA,52241,Mass Layoff,220,3/29/2017,5/31/2017
16,Eaton Corporation,32nd Avenue,Spencer, Clay,IA,51501,Mass Layoff,144,11/18/2016,3/24/2017
16,Transamerica,6400 C Stre,,,,,,,,
16,Internatiional,,,,,,,,,
16,Shopko,3271 Marketplace Drive,Council Bluffs,Pottawattamie,IA,51501,Closure,24,11/1/2016,1/28/2017
,,,,,,,,,,
91,Economy Fire & Casulity,2601 Fourth Street SW,Mason City,Cerro Gordo,IA,50401-4650,Closing,64,3/25/1992,5/29/1992
91,Commtron,7900 Hickman Road,Des Moines,Polk,IA,50322,Layoff,120,5/18/1992,6/10/1992
91,Emerson Motor Company,103 Chamber Drive,Anamosa,,IA,52205,Closing,68,10/1/1991,12/1/1991
91,"Curly's Foods, Inc.",PO Box 2342,Sioux City,Sioux,IA,51107,Layoff,50,6/22/1992,8/10/1992
91,Maytag Company,1 Dependability Square,Newton,Jasper,IA,50208,Layoff,336,3/2/1992,3/2/1992
91,Davenport Bank & Trust,203 West Third Street,Davenport,Scott,IA,52801,Layoff,145,2/5/1992,3/27/1992
91,"CRL Components, Inc.",228 Kenyon Road West,Fort Dodge,Webster,IA,50501-5639,Layoff,120,1/20/1992,3/24/1992
91,"McCleery Cumming Company, The",915 East Tyler,Washington,Washington,IA,52353,Layoff,164,10/2/1991,12/6/1991
91,Life Service Corp.,Loyalty Life Insurance Co.,West Des Moines,Polk,IA,50263,Closing,44,10/31/1991,12/31/1991
91,Koehring Cranes & Excavators,106 12th Street SE,Waverly,,IA,50677-9466,Layoff,95,4/16/1992,6/2/1992
91,Amoco Foam Products Company,951 Second Avenue SE,Oelwein,Fayette,IA,50662-0640,Closing,94,6/26/1992,8/24/1992
91,Cole Vision Corporation,4812 Kimball Drive,Davenport,Scott,IA,52802,Closing,24,1/30/1992,3/27/1992
91,Fruehauf Trailer Corporation,Route 61 South,Fort Madison,Jefferson,IA,52627,Layoff,240,3/16/1992,5/14/1992
91,Keller Ladders,"Route 5, Box 808",Muscatine,Muscatine,IA,52761,Closing,175,8/7/1991,10/2/1991
91,Jimmy Dean Manufacturing,P.O. Box 467,Osceola,Clarke,IA,50213,Closing,380,2/28/1992,9/30/1992
91,Christian Home Association,Children's Square U.S.A.,Council Bluffs,Pottawattamie,IA,51502,Layoff,75,4/2/1992,3/28/1992
91,Dakota Pork Industries,2800 Murray Road,Sioux City,Sioux,IA,51111,Closing,96,8/6/1991,10/4/1991
91,"Beef America, Inc., Lemars",5600 Harry Anderson Avenue,Omaha,,NE,68137,Closing,94,9/17/1991,11/10/1991
91,"Frommelt Industries, Inc.",4343 Chavennelle Drive,Dubuque,Dubuque,IA,50204,Other,342,7/31/1991,9/1/1991
91,Steamboat Casino Cruises,2117 State Street,Bettendorf,Scott,IA,52722-1400,Closing,699,6/3/1992,7/6/1992
91,"Nissen Company, The",P.O. Box 368,Webster City,Webster,IA,50595,Closing,61,3/6/1992,3/7/1992
91,UNISYS Corporation,1401 6th Avenue Sout,Clear Lake,Cerro Gordo,IA,50428,Closing,380,8/21/1991,3/1/1992
91,Northwest Iowa Pork,"Killinger, Ellwanger, Jacobs &",Sioux City,Sioux,IA,51101,Layoff,110,3/30/1992,5/30/1992
91,Nestaway,P.O. Box 450,Chariton,,IA,50049,Closing,98,3/10/1992,5/7/1992
91,Pirelli Armstrong Tire Corp.,2345 East Market,Des Moines,Polk,IA,50306-1616,Layoff,25,3/27/1992,4/6/1992
91,Teledyne CB,East Maple Street,Maquoketa,Carroll,IA,52060,Closing,50,10/4/1991,12/31/1991
,,,,,,,,,,
92,"Pitt - Des Moines, Inc.",921 Murphy Street,Des Moines,Polk,IA,50309,Layoff,127,6/14/1993,8/6/1993
92,"Qualex, Inc.",220 Graceland Avenue,Des Plaines,,IL,60016,Closing,62,8/4/1992,11/30/1992
92,Pirelli Armstrong Tire Corp.,2345 East Market,Des Moines,Polk,IA,50306-1616,Layoff,100,7/6/1992,9/15/1992
92,DFC Transportation Company,600 Holcomb Avenue,Des Moines,Polk,IA,50313,Closing,200,7/15/1992,9/13/1992
92,Chicago and NW Tranportation,165 North Canal Street,Chicago,,IL,60606,Closing,76,8/4/1992,10/1/1992
92,Dubuque Casino Bell,Roberts River Ride,Dubuque,Dubuque,IA,52004-0447,Closing,372,1/19/1993,4/1/1993
92,Allied Products Corporation,for White-New Idea,Charles City,Floyd,IA,50616,Closing,420,12/3/1992,2/1/1993
92,Western Iowa Pork Company,Highway 44 East,Harlan,,IA,51537-0510,Closing,200,6/8/1993,8/1/1993
92,Collins Commercial Avionics,Rockwell International,Mason City,Cerro Gordo,IA,50401,Closing,206,10/12/1992,12/8/1992
92,Crystal Tips Ice Systems,PO Drawer AC,Spirit Lake,,IA,51360-0624,Closing,126,11/25/1992,11/1/1993
92,"CRL Components, Inc.",228 Kenyon Road West,Fort Dodge,Webster,IA,50501-5639,Closing,16,10/2/1992,10/24/1992
92,Chamberlain Manufacturing,550 Esther Street,Waterloo,Black Hawk,IA,50704-2335,Layoff,93,9/22/1992,11/25/1992
92,"Homemakers Plaza, Inc.",Woodmarc Division,Des Moines,Polk,IA,50315,Closing,72,7/29/1992,9/25/1992
92,AC Rochester,1805 Zenith Drive,Sioux City,Sioux,IA,51103,Closing,202,12/23/1992,4/1/1993
92,"McCleery-Cumming Company, Inc.",915 East Tyler,Washington,Wasington,IA,52353,Layoff,162,10/2/1992,11/30/1992
,,,,,,,,,,
93,Chesapeake Displays and,Packaging Company,West Des Moines,Polk,IA,50265,Closing,80,10/6/1993,3/1/1994
93,John Morrell and Company,PO Box 1266,Sioux Falls,Worth,SD,57117-5266,Closing,169,9/1/1993,10/10/1993
93,Hiland Potato Chips,2300 Delaware Avenue,Des Moines,Polk,IA,50317,Closing,90,10/20/1993,12/17/1993
93,LeFebure,"308 29th Street, N.W.",Cedar Rapids,Linn,IA,52406,Closing,55,1/5/1994,3/7/1994
93,IBP,,Perry,Dallas,IA,50220,Closing,751,1/31/1994,4/3/1994
93,"Greyhound Lines, Inc.",4900 University Avenue,Polk,Polk,IA,50301,Layoff,350,8/1/1993,12/30/1993
93,"Neodata Services, Inc.",204 North Roche Street,Knoxville,,IA,50138,Closing,123,2/8/1994,4/12/1994
93,Western Iowa Pork Company,Highway 44 East,Harlan,,IA,51537-0510,Closing,200,6/8/1993,8/1/1993
93,"O'Bryan Brothers, Inc.","1700 Bent Avenue,",Bedford,,IA,50833,Closing,68,10/29/1993,12/31/1993
93,"Pace Membership Warehouse, Inc",,Des Moines,Polk,IA,50322,Closing,141,11/3/1993,1/1/1994
93,"Land O'Lakes, Inc.",650 West 5th Street,Hudson,,IA,50643,Closing,125,3/30/1994,6/3/1994
93,"Pitt - Des Moines, Inc. (PDM)",921 Murphy Street,Des Moines,Polk,IA,50309,Layoff,127,6/14/1993,8/19/1993
,,,,,,,,,,
94,Iowa Assemblies,,Osceola,Clarke,IA,50213,Layoff,16,10/20/1994,12/20/1994
94,Fisher Controls,205 South Center Street,Marshalltown,Marshall,IA,50158-2823,Layoff,169,2/24/1995,4/28/1995
94,Colonial Baking Company,"Campbell Taggart, Inc.",St. Louis,,MO,63105-3668,Closing,109,3/2/1995,5/1/1995
94,Tyson Foods,,LeMars,Plymouth,IA,50000,Closing,249,1/30/1995,3/31/1995
94,"Wagner's Printers, Inc.",1515 Kimberly Road,Davenport,Scott,IA,52808,Closing,90,6/12/1995,8/15/1995
94,Iowa Assemblies,,Osceola,Clarke,IA,50213,Closing,12,10/20/1994,12/20/1994
94,Iowa Assemblies,,Osceola,Clarke,IA,50213,Closing,16,10/20/1994,12/20/1994
94,IPC Corp.,,Des Moines ,Polk,IA,50315,Closing,75,8/4/1994,10/3/1994
94,K-Mart,,Coralville,Johnson,IA,52241,Closing,67,9/26/1994,2/12/1995
94,"SNE Enterprises, Inc.",One Wausau Center,Wausau,Decatur,WI,54402-8007,Closing,145,12/9/1994,2/2/1995
94,"Associated Milk Producers, Inc",,Fredericksburg,Chickasaw,IA,50630,Closing,114,6/2/1995,7/31/1995
94,Iowa Assemblies,,Osceola,Clarke,IA,50213,Closing,87,10/20/1994,12/20/1994
94,"Beatrice Cheese, Inc.",,Preston,Jackson,IA,52069,Closing,63,9/27/1994,12/2/1994
94,J.R. Simplot Company,6885 State Street,Bettendorf,Scott,IA,52722,Closing,55,5/22/1995,7/17/1995
94,K-Mart,,Iowa Falls,Hardin,IA,50126,Closing,32,10/10/1994,2/12/1995
94,Dico Inc.,200 S.W. 16th Street,Des Moines,Polk,IA,50309,Closing,193,4/6/1995,6/4/1995
,,,,,,,,,,
95,Value Rx,294 Blairs Ferry Rd.,Cedar Rapids,Linn,IA,52402,Closing,58,12/19/1995,3/31/1996
95,Erickson Displays,,Des Moines,Polk,IA,50317,Closing,50,11/3/1995,1/3/1995
95,ERTL,P.O. Box 500,Dyersville,Dubuque,IA,52040,Layoff,23,12/12/1995,2/25/1996
95,Delux Check,2700 Bell Ave.,Des Moines,Polk,IA,50321,Closing,129,3/4/1996,4/1/1996
95,FDL Foods,701 East 16th Street,Dubuque,Dubuque,IA,52004,Layoff,925,7/31/1995,9/28/1995
95,Firstar Bank,Customer Support Center,Cedar Rapids,Linn,IA,52406,Layoff,80,10/19/1995,12/15/1995
95,Value Rx,5401 Victoria Ave.,Davenport,Scott,IA,52807,Closing,172,12/19/1995,2/12/1996
95,City of Des Moines,City Hall,Des Moines ,Polk,IA,50309,Layoff,130,3/7/1996,6/16/1996
95,Continental Life Ins. Co.,501 Prince St.,Sioux City,Woodbury,IA,51101,Closing,70,6/30/1995,9/22/1995
95,CIC Systems Inc. ,2425 Westown Parkway,West Des Moines,Polk,IA,50265,Closing ,56,2/12/1996,4/14/1996
95,"E.J. Brach & Sons, Inc.",2426 Rockingham Rd.,Davenport,Scott,IA,52802,Closing,154,12/19/1995,2/26/1996
95,Waterloo Industries,300 Ansborough Ave.,Waterloo,Black Hawk,IA,50704,Closing,81,3/4/1995,10/31/1997
95,Target Stores,1431 Kimberly Rd.,Bettendorf,Scott,IA,52722,Closing,154,5/21/1996,7/23/1996
95,Louis Rich Company,207 W. 2nd Street,West Liberty,Muscatine,IA,52776,Layoff,432,5/22/1995,11/3/1995
95,Monfort,1700 Maury Street,Des Moines,Polk,IA,50317,Closing,1280,5/15/1996,5/15/1996
95,Burcliff Industries,"Wirekraft Industries, Inc.",Corning,Adams,IA,50841,Closing,170,10/11/1995,12/9/1995
95,AgEquipment Group,909 Pinder Avenue,Grinnell,Poweshiek,IA,50112-9783,Closing,171,5/12/1995,12/31/1995
95,Hooof Products Co.,,Maquoketa,Jackson,IA,52060,Closing,188,9/14/1995,9/11/1995
95,Younkers,P.O. Box 1495,Des Moines,Polk,IA,50397,Layoff,160,2/12/1996,6/1/1996
95,Leslie Fay,Tanger Outlet Center,Williamsburg,Johnson,IA,52361,Closing,6,11/17/1995,12/30/1995
95,Pendleton,2510 W. Broadway,Council Bluffs,Pottawattamie,IA,51501,Closing,79,6/24/1996,9/3/1996
95,Ingram Book Company,Ingram Merchandising Services,Ankeny,Polk,IA,52734,Closing,60,10/23/1995,12/31/1995
95,Ralston Fooods,,Cedar Rapids,Linn,IA,52402,Closing,75,11/13/1995,1/12/1996
95,IES Railcar Service Center,,Cedar Rapids,Linn,IA,52408,Closing,70,10/30/1995,12/31/1995
95,Louis Rich,107 West Second Street,West Liberty,Muscatine *,IA,52776,Closing,696,4/21/1996,12/31/1996
,,,,,,,,,,
96,ARAMARK,4th and Bank,Keokuk,Lee,IA,52632,Closing,45,3/11/1997,4/1/1997
96,Donnelley Marketing,1235 N. Avenue,Nevada,Story,IA,50201,Layoff,380,4/16/1997,6/27/1997
96,American Life,405 6th Ave,Des Moines,Polk,IA,50306,Closing,280,9/11/1996,11/1/1996
96,Better Qualtiy Cassesttes,2101 South 35th Street,Council Bluffs,Pottawattamie,IA,51501,Closing,158,2/28/1997,5/7/1997
96,"Parson Technology, Inc",One Parsons Drive,Hiawatha,Linn,IA,52233,Layoff,235,6/11/1997,6/30/1997
96,"Miller Beauty Supply, Inc.",3601 Wiest Avenue Road,Burlington,Des Moines,IA,52601,Closing,75,6/24/1997,6/30/1997
96,"Cooper, Moog Automotive",1 Everco Drive,Ottumwa,Wapello,IA,52501,Closing,242,7/9/1996,9/6/1996
96,"Dodger Industries, Inc.",1702 21st Street,Eldora,Hardin,IA,50627,Closing,62,1/31/1997,
96,IBP-Supreme Processed Foods,,Council Bluffs,Pottawattamie,IA,51501,Closing,162,5/27/1997,7/25/1997
96,Four M Paper Corp.,P.O. Box 250,Fort Madison,Jefferson,IA,52627,Layoff,98,3/12/1997,3/31/1997
96,Burclif Industries,1513 West Fourth Street,Manning,Carroll,IA,51455,Closing,93,3/7/1997,5/6/1997
96,Solvay Animal Health Inc.,2000 Rockford Rd.,Charles City,Floyd,IA,50616-9101,,4,3/18/1997,5/13/1997
96,Stant Corporation,1501 32nd Ave. W.,Spencer,Clay,IA,51301,Closing,131,4/11/1997,4/4/1997
96,Systemed Pharmacy Inc.,6109 Willowmere Dr.,Des Moines,Polk,IA,,Closing,153,1/13/1997,1/30/1997
96,Fairtron Corp.,"700 Delaware Ave, 700 Delaware Ave",Des Moines,Polk,IA,50317,Closing,87,3/6/1997,3/31/1997
96,Shivvers Manufacturing,614 West English St.,Corydon,Wayne,IA,50060,Layoff,69,2/13/1997,2/21/1997
96,Equitablie Life Insurance Co.,,West Des Moines,Polk,IA,50265,Closing,190,3/14/1997,8/8/1997
96,Equitable Life Assurance,3001 Westown Pkwy.,W. Des Moines,Polk,IA,50266-1361,Closing,190,3/14/1997,8/8/1997
,,,,,,,,,,
97,Packerland,108 First Ave South,Hospers,Sioux,IA,51238,Closing,150,4/10/1998,5/12/1998
97,McCleer-Cumming Company,915 East Tyler,Washing ton,Washington,IA,52353,Layoff,124,10/8/1997,10/5/1997
97,Montgomery Ward & Co.,1522 Flammang Dr,Waterloo,Black Hawk,IA,50702,Closing,57,8/1/1997,10/5/1997
97,AmerUs Mortage,"4949 Westwon Pkwy, Ste 150",West Des Moines,Polk,IA,50266,Closing,81,11/12/1997,1/12/1998
97,G E,1803 Radiant Road,Carroll,Carroll,IA,51401,Closing,120,10/7/1997,4/3/1998
97,"Boatmen's Bank Iowa, N.A.",317 Sith Avenue,Des Moines,Polk,IA,50304-0817,Layoff,63,8/6/1997,7/31/1997
97,U.S. Food Service,2500 Dixon Street,Des Moines,Polk,IA,,Closing,73,4/3/1998,4/24/1998
97,"Venture Stores, Inc.",10331 University Avenue,Clive,Polk,IA,50325,Closing,57,7/8/1997,9/12/1997
97,"Venture Stores, Inc.",2715 Crossroads Blvd.,Waterloo,Black Hawk,IA,50702,Closing,62,7/8/1997,8/15/1997
97,Shopko,1101 S. Riverside Drive,Iowa City,Johnson,IA,52240,Closing,78,3/27/1998,5/31/1998
,,,,,,,,,,
98,Venture,4900 S.E. 14th Street,Des Moines,Polk,IA,,Closing,53,4/27/1998,7/10/1998
98,American Bottling Company,4500 Westown Parkway,West Des Moines,Polk,IA,50266,Closing,77,1/29/1998,1/29/1998
98,American Bottling Company,4500 Westown Parkway,West Des Moines,Polk,IA,50266,Closing,77,1/29/1998,1/29/1998
98,Waterloo Industries,300 Ansborough Ave.,Waterloo,Black Hawk,IA,50704,Layoff,2,9/1/1998,11/2/1998
98,"Brammer Company, LLC",1441 Rockingham Rd.,Davenport,Scott,IA,52802,Layoff,106,10/19/1998,10/19/1998
98,"Brammer Company, LLC",1441 Rockingham Rd.,Davenport,Scott,IA,52802,Layoff,106,10/12/1998,10/14/1998
98,ERTL,"Highways 136 & 20, Box 500",Dyersville,Dubuque,IA,52040,Closing,11,9/22/1998,11/20/1998
98,Fleming,210 North 1st Street,Laurens,Pocahontas,IA,50554,Closing,140,12/11/1998,4/10/1999
98,LeFebure Corporation,308 29th Street NE,Cedar Rapids,Linn,IA,52402,Closing,150,10/12/1998,12/14/1998
98,Quik-to-Fix Foods,101 14th St. S.E.,Orange City,Sioux,IA,51041,Closing,280,10/28/1998,12/31/1998
98,ICI Explosives,17575 State Highway 79,Middletown,Des Moines,IA,52638,Closing,63,6/3/1998,8/3/1998
98,Siebe Appliance Controls,1 Siebe Drive,Winterset,Madison,IA,50273,Closing,165,10/13/1998,1/1/1999
98,LeBlanc Inc.,P.O. Box 3807,Sioux City,Woodbury,IA,51102,Closing,80,10/6/1998,11/10/1998
98,McCleery-Cumming Co.,915 East Tyler,Washington,Washington,IA,52353,Temp Layoff,95,9/25/1998,12/4/1998
98,ERTL,Highways 136 and 20,Dyersville,Dubuque,IA,52040,Closing,92,8/14/1998,10/16/1998
98,Deflecta-Shield Corporation,1800 North 9th Street,Indianola,Polk,IA,50125,Closing,52,9/10/1998,
98,Dekko Automotive Technologies,3330 West McLane,Osceola,Clarke,IA,50213,Layoff,29,12/3/1998,1/25/1999
98,Target,2050 8th Street,Coralville,Johnson,IA,52241,Closing,178,6/8/1998,8/15/1998
,,,,,,,,,,
99,Aalfs Manufacturing,"130 - 4th Ave., N.E.",LeMars,Plymouth,IA,50000,Closing,58,9/8/1999,11/8/1999
99,"APAC TeleServices, Inc.",21 North Sixth Street,Estherville,Emmet,IA,51334,Closing,95,3/5/1999,5/5/1999
99,"APAC Customer Services, Inc.",2501 S. Center St.,Marshalltown,Marshall,IA,50158,Closing,162,11/18/1999,1/18/2000
99,Louis Rich,222034 200th Street,Sigourney,Keokuk,IA,52591,Closing,85,3/19/1999,6/15/1999
99,Marley's Pump Co.,500 East 59th Street,Davenport,Scott,IA,52808,Layoff,93,1/7/1999,3/15/1999
99,Aalfs Manufacturing,38th Ave & W. Milwaukee,Spencer,Clay,IA,51301,Closing,71,9/8/1999,11/8/1999
99,Meadow Gold Dairies,1719 Grand Avenue,Des Moines,Polk,IA,50309,Closing,64,1/25/1999,3/26/1999
99,PCS Nitrogen,3103 31st Street,Camanche,Clinton,IA,52730,Closing,,8/31/1999,8/31/1999
99,Aalfs Manufacturing,16th & Western Ave.,Sheldon,O'Brien,IA,,Closing,80,9/8/1999,11/8/1999
99,Montgomery Wards,1100 Merle Hay Mall,Des Moines,Polk,IA,50310,Closing,122,1/15/1999,3/21/1999
99,Berry Iowa Corp.,1036 Industrial Park Rd.,Iowa Falls,Hardin,IA,50126,Closing,99,9/22/1999,11/22/1999
99,Metz Baking Company,20 North 4th Street,Clear Lake,Cerro Gordo,IA,50428,Closing,143,1/5/1999,3/5/1999
99,Merial Limited,2116 8th Avenue S.,Fort Dodge,Webster,IA,50501,Closing,71,12/1/1999,2/29/2000
99,"Marmax, Inc.'s",3840 West River Drive,Davenport,Scott,IA,52802,Closing,170,10/29/1999,12/15/1999
99,Aalfs Manufacturing,2501 Murray Street,Sioux City,Woodbury,IA,51102,Closing,236,9/8/1999,11/8/1999
99,Curtis Computer Products,2210 Second Avenue,Muscatine,Muscatine,IA,52776,Closing,82,9/15/1999,12/1/1999
99,The Hon Company,1915 West Saunders Street,Mt. Pleasant,Henry,IA,52641,Closing,60,2/11/1999,8/1/1999
99,"Donaldson Company, Inc.","301 5th Avenue, SW",Oelwein,Fayette,IA,50662,Closing,126,5/18/1999,7/30/1999
99,Donaldson Filtration Solutions,"301 5th Ave., SW",Oelwein,Fayette,IA,50662,Closing,126,5/20/1999,7/30/1999
99,Target,620 Lincolnway,Ames,Story,IA,50010,Relocating,181,1/8/1999,3/3/1999
99,Plastech,909 Pinder Avenue,Grinnell,Poweshiek,IA,50112,Layoff,57,12/15/1999,12/17/1999
99,StarMark,600 E. 48th Street,Sioux Falls,Worth,IA,57104,Closing,,7/20/1999,10/15/1999
99,Kysor/Warren,2301 Bell Avenue,Des Moines,Polk,IA,30207,Closing,44,8/12/1999,11/24/1999
99,IBP,,Tama,Tama,IA,,Closing,397,10/22/1999,12/20/1999
99,Red Jacket,500 E. 59th Street,Davenport,Scott,IA,52808,Layoff,64,10/4/1999,12/4/1999
99,TI Group,1201 East Summit,Maquoketa,Carroll,IA,52060,Layoff,60,12/1/1999,2/15/2000
99,ProMark One,100 Telecom Drive Suite A,Bloomfield,Davis,IA,52537,Layoff,79,1/15/1999,1/8/1999
99,Starter Corporation,"951 32nd Ave., SW",Cedar Rapids,Linn,IA,52406,Closing,256,4/23/1999,6/22/1999
99,"Bandag, Inc.",6501-A 49th St. S,Muscatine,Muscatine,IA,52761,Closing,95,10/19/1999,12/29/1999
99,"Engineering Animation, Inc.",2321 North Loop Drive,Ames,Story,IA,50010,Layoff,90,7/6/1999,9/10/1999
